{"uuid":"[TEthjfSI","nodes":[{"id":"rTzsbQdBQ","name":"Intro 1","description":"A template for a brief template for introducing or concluding a space ambiented story ","components":[{"id":"rTzsbQdBQ-6C2dRq3HI","name":"Background","styleId":"EarthBG","style":{"backgroundImage":"url(http://localhost:8000/resources/qXhVPbPqU)"}},{"id":"rTzsbQdBQ-k1I7C2kMV","name":"Text","text":"It's 2121, your the first astronaut sended outside our Solar System.\nYou're leaving the Earh orbit right now, you're mission is to find a new simil-eart  planet in order to save the human species from the famine.","styleId":"WhiteNormalText","style":{"fontFamily":"Geneva","fontSize":"26px","color":"rgba(255, 255, 255, 1.00)","textAlign":"center"}},{"id":"rTzsbQdBQ-nfOMZ1Pvd","name":"Spacer","styleId":"TransparentSpacer","style":{"backgroundColor":"rgba(255, 255, 255, 0.00)","height":"17%","width":"100%"}},{"id":"rTzsbQdBQ-nByrIsSXr","name":"ButtonGroup","styleId":"CenteredSingleButton","children":[{"id":"rTzsbQdBQ-VoPpiQdr5","name":"Button","text":"Continue to listen your message","styleId":"LightBlueButton","style":{"color":"rgba(255, 255, 255, 1.00)","backgroundColor":"rgba(0, 191, 255, 0.63)"},"story":{"nextNode":"yrN-9Lm10"}}],"style":{}}],"isInitial":true,"mission":"Introduction","color":"#33a4eb"},{"id":"yrN-9Lm10","name":"Intro 2","description":"A template for a brief template for introducing or concluding a space ambiented story ","components":[{"id":"yrN-9Lm10-6C2dRq3HI","name":"Background","styleId":"EarthBG","style":{"backgroundImage":"url(http://localhost:8000/resources/qXhVPbPqU)"}},{"id":"yrN-9Lm10-k1I7C2kMV","name":"Text","text":"The famine is caused by centuries of pollution, overpopulation and soil exploitation. All the things above made mother Earth not livable for the humans and you MUST find a replacement in order to save us from extinction! Good luck!","styleId":"WhiteNormalText","style":{"fontFamily":"Geneva","fontSize":"26px","color":"rgba(255, 255, 255, 1.00)","textAlign":"center"}},{"id":"yrN-9Lm10-nfOMZ1Pvd","name":"Spacer","styleId":"TransparentSpacer","style":{"backgroundColor":"rgba(255, 255, 255, 0.00)","height":"17%","width":"100%"}},{"id":"yrN-9Lm10-nByrIsSXr","name":"ButtonGroup","styleId":"CenteredSingleButton","children":[{"id":"yrN-9Lm10-VoPpiQdr5","name":"Button","text":"Take control of the ship","styleId":"LightBlueButton","style":{"color":"rgba(255, 255, 255, 1.00)","backgroundColor":"rgba(0, 191, 255, 0.63)"},"story":{"nextNode":"VL05LZ0Dh"}}],"style":{}}],"mission":"Introduction","color":"#338ceb"},{"id":"VL05LZ0Dh","name":"Question 1","description":"A first stage component with multiple answer possible. Is advised to start easy to let the player ambient themselves","components":[{"id":"VL05LZ0Dh-aXnLWcpyp","name":"Background","styleId":"EartOrbitBG","style":{"backgroundImage":"url(http://localhost:8000/resources/7gvngDiLi)"}},{"id":"VL05LZ0Dh-CHijwkf-R","name":"Text","text":"You're now floatig in low orbit, choose the correct fuel to use for your nuclear fusion drive  in order to escape Earth gravity and start your journey","styleId":"WhiteMDText","style":{"fontFamily":"Geneva","fontSize":"24px","color":"rgba(255, 255, 255, 1.00)","textAlign":"center"}},{"id":"VL05LZ0Dh-oay5Dgxq6t","name":"MultiAnsChoices","styleId":"MultLightBlue","withSubmit":true,"answers":[{"id":"VL05LZ0Dh-TaAO2S8CS","text":"Deuterium","value":"[CORRECT]","points":100},{"id":"VL05LZ0Dh-7eiDp-sYyC","text":"Carbon","value":"[WRONG]","points":0},{"id":"VL05LZ0Dh-w3CblrOs0d","text":"Helium","value":"[WRONG]","points":0},{"id":"VL05LZ0Dh-G5uQyqU84i","text":"Tritium","value":"[CORRECT]","points":100}],"style":{"Root":{},"Radio":{},"Checkbox":{"color":"rgba(255, 255, 255, 1.00)","backgroundColor":"rgba(58, 129, 223, 1.00)"},"Button":{"color":"rgba(255, 255, 255, 1.00)","backgroundColor":"rgba(240, 80, 40, 1.00)"}},"story":{"nextNode":{"[CORRECT]":"QjKW4VVDA","[WRONG]":"JWNaDtWtL"}}}],"color":"#33dfeb","mission":"First stage"},{"id":"QjKW4VVDA","name":"Question 2","description":"A first stage component with multiple answer possible. Is advised to start easy to let the player ambient themselves","components":[{"id":"QjKW4VVDA-aXnLWcpyp","name":"Background","styleId":"EartOrbitBG","style":{"backgroundImage":"url(http://localhost:8000/resources/7gvngDiLi)"}},{"id":"QjKW4VVDA-CHijwkf-R","name":"Text","text":"Now that your drive has started you don't remember the exact destination except it was the nearest stellar system to us. Can you find out wich is?","styleId":"WhiteMDText","style":{"fontFamily":"Geneva","fontSize":"24px","color":"rgba(255, 255, 255, 1.00)","textAlign":"center"}},{"id":"QjKW4VVDA-oay5Dgxq6t","name":"MultiAnsChoices","styleId":"MultLightBlue","withSubmit":true,"answers":[{"id":"QjKW4VVDA-TaAO2S8CS","text":"Alpha Centauri","value":"[CORRECT]","points":100},{"id":"QjKW4VVDA-7eiDp-sYyC","text":"Trappist","value":"[CORRECT]","points":50},{"id":"QjKW4VVDA-w3CblrOs0d","text":"Syrius","value":"[WRONG]","points":0},{"id":"QjKW4VVDA-G5uQyqU84i","text":"Procyon","value":"[WRONG]","points":0}],"style":{"Root":{},"Radio":{},"Checkbox":{"color":"rgba(255, 255, 255, 1.00)","backgroundColor":"rgba(58, 129, 223, 1.00)"},"Button":{"color":"rgba(255, 255, 255, 1.00)","backgroundColor":"rgba(240, 80, 40, 1.00)"}},"story":{"nextNode":{"[CORRECT]":"42CzKpy8j","[WRONG]":"2yXSmZ5WT"}}}],"color":"#33ebd5","mission":"First stage"},{"id":"JWNaDtWtL","name":"Retry 1","description":"A first stage component with multiple answer possible. Is advised to start easy to let the player ambient themselves","components":[{"id":"JWNaDtWtL-aXnLWcpyp","name":"Background","styleId":"EartOrbitBG","style":{"backgroundImage":"url(http://localhost:8000/resources/7gvngDiLi)"}},{"id":"JWNaDtWtL-CHijwkf-R","name":"Text","text":"The fusion drive strangely couldn't start, maybe you have put the wrong fuel in it?","styleId":"WhiteMDText","style":{"fontFamily":"Geneva","fontSize":"24px","color":"rgba(255, 255, 255, 1.00)","textAlign":"center"}},{"id":"JWNaDtWtL-AWfYet5Od","name":"ButtonGroup","styleId":"CenteredWarningButtGroup","children":[{"id":"JWNaDtWtL-kMQXWTlSN","name":"Button","text":"Flush the fuel tank and retry","styleId":"WarningCenteredButton","style":{"color":"rgba(255, 255, 255, 1.00)","backgroundColor":"rgba(223, 217, 58, 1.00)"},"story":{"nextNode":"VL05LZ0Dh"}}],"style":{}}],"color":"#d5eb33","mission":"First stage"},{"id":"42CzKpy8j","name":"Intro stage 2","description":"A second stage component to introduce a new ambient. Is advised to start easy to let the player ambient themselves","components":[{"id":"42CzKpy8j-aXnLWcpyp","name":"Background","styleId":"DeepSpaceBG","style":{"backgroundImage":"url(http://localhost:8000/resources/8nyfPF3YH)"}},{"id":"42CzKpy8j-CHijwkf-R","name":"Text","text":"You're now in deep space traveling to your destination. The trip is taking longer than expected and at this pace you will not make it in time to save your friends.\nIn this moment you remeber that it's possible for the ship to go faster unlocking the hyperfusion","styleId":"WhiteMDText","style":{"fontFamily":"Geneva","fontSize":"24px","color":"rgba(255, 255, 255, 1.00)","textAlign":"center"}},{"id":"42CzKpy8j-AWfYet5Od","name":"ButtonGroup","styleId":"CenteredErrorButtGroup","children":[{"id":"42CzKpy8j-kMQXWTlSN","name":"Button","text":"Try to unlock it","styleId":"ErrorCenteredButton","style":{"color":"rgba(255, 255, 255, 1.00)","backgroundColor":"rgba(223, 99, 58, 1.00)"},"story":{"nextNode":"0z_fuFXM2"}}],"style":{}}],"color":"#ec4e32","mission":"Second stage"},{"id":"0z_fuFXM2","name":"Question 3","description":"A second stage component used to introduce an enigma to the player to be answered with a one-word response.","components":[{"id":"0z_fuFXM2-aXnLWcpyp","name":"Background","styleId":"DeepSpaceBG","style":{"backgroundImage":"url(http://localhost:8000/resources/8nyfPF3YH)"}},{"id":"0z_fuFXM2-CHijwkf-R","name":"Text","text":"Since hyperfusion is really dangerous to use there's an enigma to resolve in order to unlock it, search for the read panel in your cabin and solve the enigma, entering the solution in the panel.","styleId":"WhiteMDText","style":{"fontFamily":"Geneva","fontSize":"24px","color":"rgba(255, 255, 255, 1.00)","textAlign":"center"}},{"id":"0z_fuFXM2-d2nVIaeX8","name":"Input","placeholder":"Il denso particellare di uno svizzero e uno scozzese (BEC)","styleId":"MechanismInput","style":{"color":"rgba(255, 255, 255, 1.00)","backgroundColor":"rgba(255, 0, 0, 1.00)"},"story":{"nextNode":"Xg3ihnq9p","points":{"[CORRECT]":300}},"correctAnswer":"Bose-Einstein condensate"}],"color":"#ec3232","mission":"Second stage"},{"id":"Xg3ihnq9p","name":"Fork","description":"A component to separate two different storyline","components":[{"id":"Xg3ihnq9p-aXnLWcpyp","name":"Background","styleId":"DeepSpaceBG","style":{"backgroundImage":"url(http://localhost:8000/resources/8nyfPF3YH)"}},{"id":"Xg3ihnq9p-CHijwkf-R","name":"Text","text":"Fortunately before pushing the button your automated drive system notifies you that a black hole has been found near you. Now you have to choose how to procede","styleId":"WhiteMDText","style":{"fontFamily":"Geneva","fontSize":"24px","color":"rgba(255, 255, 255, 1.00)","textAlign":"center"}},{"id":"Xg3ihnq9p-hgaPIwT3s","name":"ButtonGroup","styleId":"2 Way Fork","children":[{"id":"Xg3ihnq9p-xu3-Kws5_","name":"Button","text":"Enter the blackhole","styleId":"ErrorCenteredButton","style":{"color":"rgba(255, 255, 255, 1.00)","backgroundColor":"rgba(223, 99, 58, 1.00)"},"story":{"nextNode":"q7aVB6Cze"}},{"id":"Xg3ihnq9p-Ly3VsTQYs3","name":"Button","text":"Procede with the itenerary","styleId":"ErrorCenteredButton","style":{"color":"rgba(255, 255, 255, 1.00)","backgroundColor":"rgba(223, 99, 58, 1.00)"},"story":{"nextNode":"Xg3ihnq9p"}}],"style":{}}],"color":"#630303","mission":"Second stage"},{"id":"2yXSmZ5WT","name":"Retry 2","description":"A first stage component with multiple answer possible. Is advised to start easy to let the player ambient themselves","components":[{"id":"2yXSmZ5WT-aXnLWcpyp","name":"Background","styleId":"EartOrbitBG","style":{"backgroundImage":"url(http://localhost:8000/resources/7gvngDiLi)"}},{"id":"2yXSmZ5WT-CHijwkf-R","name":"Text","text":"The planet that you selected is not the nearest to our system so your adventure will be longer than expected...","styleId":"WhiteMDText","style":{"fontFamily":"Geneva","fontSize":"24px","color":"rgba(255, 255, 255, 1.00)","textAlign":"center"}},{"id":"2yXSmZ5WT-AWfYet5Od","name":"ButtonGroup","styleId":"CenteredWarningButtGroup","children":[{"id":"2yXSmZ5WT-kMQXWTlSN","name":"Button","text":"Continue your adventure","styleId":"WarningCenteredButton","style":{"color":"rgba(255, 255, 255, 1.00)","backgroundColor":"rgba(223, 217, 58, 1.00)"},"story":{"nextNode":"42CzKpy8j"}}],"style":{}}],"color":"#3260ec","mission":"First stage"},{"id":"q7aVB6Cze","name":"Intro stage 3","description":"A component to separate two different storyline","components":[{"id":"q7aVB6Cze-aXnLWcpyp","name":"Background","styleId":"BlackHoleBG","style":{"backgroundImage":"url(http://localhost:8000/resources/yh]q6xX]9)"}},{"id":"q7aVB6Cze-CHijwkf-R","name":"Text","text":"You're rapidly getting near the blackhole. The gravity is crushing you and your spaceship.","styleId":"WhiteMDText","style":{"fontFamily":"Geneva","fontSize":"24px","color":"rgba(255, 255, 255, 1.00)","textAlign":"center"}},{"id":"q7aVB6Cze-Lsxyo0mX4","name":"Spacer","styleId":"TransparentSpacer","style":{"backgroundColor":"rgba(255, 255, 255, 0.00)","height":"22%","width":"100%"}},{"id":"q7aVB6Cze-hgaPIwT3s","name":"ButtonGroup","styleId":"BlackHole Intro","children":[{"id":"q7aVB6Cze-xu3-Kws5_","name":"Button","text":"im a crappy Button","styleId":"BlackHoleCenteredButton","style":{"color":"rgba(255, 255, 255, 1.00)","backgroundColor":"rgba(15, 11, 10, 1.00)"},"story":{"nextNode":"q7aVB6Cze"}}],"style":{}}],"color":"#1a140e","mission":"Third stage"}],"title":"Star Trek (Original)","description":"A SciFi description","targets":["adult"],"modes":["singleplayer"],"accessible":false}