{
  "name": "Acqua Immagine",
  "description": "",
  "components": [
    {
      "id": "S_fEzCMxT",
      "name": "Background",
      "styleId": "WaterBackground",
      "style": {
        "backgroundImage": "url(http://localhost:8000/resources/Il9aNwbrt)",
        "opacity": 0.7
      }
    },
    {
      "id": "BpKXRsJcn",
      "name": "Text",
      "text": "im a distracted Text",
      "styleId": "Testo Water",
      "style": {
        "fontFamily": "Arial",
        "fontSize": "18px",
        "color": "rgba(0, 0, 0, 1.0)",
        "backgroundColor": "rgba(255, 255, 255, 0.64)"
      }
    },
    {
      "id": "IH9Ceamjx",
      "name": "ButtonImage",
      "imgURL": "https://lunawood.com/wp-content/uploads/2018/02/placeholder-image.png",
      "fallback": "This is the default fallback",
      "styleId": "DefaultButtonImage",
      "style": {
        "width": "100%"
      }
    }
  ]
}