{
  "name": "Background nero con audio",
  "description": "",
  "components": [
    {
      "id": "hNFjhvW2y",
      "name": "Background",
      "styleId": "DefaultBackground2",
      "style": {
        "backgroundImage": "url(http://localhost:8000/resources/bdmCNhU64)",
        "opacity": 1
      }
    },
    {
      "id": "_sCcI5fGZ",
      "name": "Text",
      "text": "im a sparkly Text",
      "styleId": "DefaultText2",
      "style": {
        "fontFamily": "sans-serif",
        "fontSize": "18px",
        "color": "rgba(255, 255, 255, 1.00)",
        "backgroundColor": "rgba(255, 255, 255, 0.00)"
      }
    },
    {
      "id": "PADhVFP3I",
      "name": "AudioPlayer",
      "srcURL": "https://assets.mixkit.co/music/preview/mixkit-tech-house-vibes-130.mp3",
      "autoplay": false,
      "styleId": "DefaultAudioPlayer2",
      "style": {
        "color": "rgba(0, 0, 0, 1.0)",
        "backgroundColor": "rgba(97, 175, 255, 1.00)",
        "PlayButton": {
          "backgroundColor": "rgba(255,255,255,0.0)"
        },
        "ProgressBar": {
          "backgroundColor": "rgba(0, 248, 158, 1.00)"
        }
      }
    },
    {
      "id": "-aJ63Uafq",
      "name": "Button",
      "text": "im a sparkly Button",
      "styleId": "DefaultButton2",
      "style": {
        "color": "rgba(0, 0, 0, 1.0)",
        "backgroundColor": "rgba(0, 99, 255, 1.00)"
      }
    }
  ]
}