{
  "name": "Barca",
  "description": "",
  "components": [
    {
      "id": "S_fEzCMxT",
      "name": "Background",
      "styleId": "BoatBackground",
      "style": {
        "backgroundImage": "url(http://localhost:8000/resources/upwu4Z4Vg)",
        "opacity": 1
      }
    },
    {
      "id": "BpKXRsJcn",
      "name": "Text",
      "text": "im a distracted Text",
      "styleId": "Testo Water",
      "style": {
        "fontFamily": "Arial",
        "fontSize": "18px",
        "color": "rgba(0, 0, 0, 1.0)",
        "backgroundColor": "rgba(255, 255, 255, 0.64)"
      }
    },
    {
      "id": "t_CTsS_vp",
      "name": "Button",
      "text": "im a distracted Button",
      "styleId": "DefaultButton2",
      "style": {
        "color": "rgba(0, 0, 0, 1.0)",
        "backgroundColor": "rgba(255, 255, 255, 1.00)"
      }
    }
  ]
}