{
  "name": "Black Screen with white text",
  "description": "",
  "components": [
    {
      "id": "G3Q1iftzX",
      "name": "Background",
      "styleId": "DefaultBackground2",
      "style": {
        "backgroundImage": "url(http://localhost:8000/resources/hVGfeJLQ3)",
        "opacity": 1
      }
    },
    {
      "id": "sbCQEBmsN",
      "name": "Text",
      "text": "im a distracted Text",
      "styleId": "DefaultText2",
      "style": {
        "fontFamily": "sans-serif",
        "fontSize": "18px",
        "color": "rgba(244, 241, 241, 1.00)",
        "backgroundColor": "rgba(255, 255, 255, 0.0)"
      }
    },
    {
      "id": "JR5zSGNhg",
      "name": "Button",
      "text": "im a blue Button",
      "styleId": "DefaultButton2",
      "style": {
        "color": "rgba(0, 0, 0, 1.0)",
        "backgroundColor": "rgba(250, 250, 250, 1.00)"
      }
    }
  ]
}