{
  "name": "Cave",
  "description": "",
  "components": [
    {
      "id": "8f4i6KXMf",
      "name": "Background",
      "styleId": "Cave",
      "style": {
        "backgroundImage": "url(http://localhost:8000/resources/ZphHqcwaj)",
        "opacity": 1
      }
    },
    {
      "id": "xQL7alWDa",
      "name": "Text",
      "text": "im a blue Text",
      "styleId": "DefaultText2",
      "style": {
        "fontFamily": "sans-serif",
        "fontSize": "18px",
        "color": "rgba(0, 0, 0, 1.00)",
        "backgroundColor": "rgba(255, 255, 255, 0.80)"
      }
    },
    {
      "id": "h2_5VgZxj",
      "name": "Button",
      "text": "im a sparkly Button",
      "styleId": "DefaultButton2",
      "style": {
        "color": "rgba(0, 0, 0, 1.0)",
        "backgroundColor": "rgba(255, 255, 255, 1.00)"
      }
    }
  ]
}