{
  "name": "Input Pirata",
  "description": "",
  "components": [
    {
      "id": "TgYl0Fd7N",
      "name": "Background",
      "styleId": "DefaultBackground2",
      "style": {
        "backgroundImage": "url(http://localhost:8000/resources/ZQsdvJfT9)",
        "opacity": 1
      }
    },
    {
      "id": "MCGyWap7Q",
      "name": "Text",
      "text": "im a loving Text",
      "styleId": "DefaultText2",
      "style": {
        "fontFamily": "sans-serif",
        "fontSize": "18px",
        "color": "rgba(0, 0, 0, 1.00)",
        "backgroundColor": "rgba(255, 255, 255, 0.83)"
      }
    },
    {
      "id": "4SiPgCSdV",
      "name": "Input",
      "placeholder": "Default placeholder text",
      "styleId": "DefaultInput2",
      "style": {
        "color": "rgba(0, 0, 0, 1.0)",
        "backgroundColor": "rgba(255, 255, 255, 0.31)",
        "Button": {
          "color": "rgba(0, 0, 0, 1.0)",
          "backgroundColor": "rgba(255,255,255,1.0)"
        }
      }
    }
  ]
}