{
  "name": "Interiore nave",
  "description": "",
  "components": [
    {
      "id": "fbowg3574",
      "name": "Background",
      "styleId": "DefaultBackground3",
      "style": {
        "backgroundImage": "url(http://localhost:8000/resources/NB1DSgSnn)",
        "opacity": 1
      }
    },
    {
      "id": "vvvqdfO6c",
      "name": "Text",
      "text": "im a crappy Text",
      "styleId": "White Text",
      "style": {
        "fontFamily": "sans-serif",
        "fontSize": "18px",
        "color": "rgba(255, 255, 255, 1.00)",
        "backgroundColor": "rgba(255, 255, 255, 0.0)"
      }
    },
    {
      "id": "FEVsrvRVC",
      "name": "AudioPlayer",
      "srcURL": "https://assets.mixkit.co/music/preview/mixkit-tech-house-vibes-130.mp3",
      "autoplay": false,
      "styleId": "DefaultAudioPlayer2",
      "style": {
        "color": "rgba(0, 0, 0, 1.0)",
        "backgroundColor": "rgba(255,255,255,1.0)",
        "PlayButton": {
          "backgroundColor": "rgba(255, 255, 255, 0.00)"
        },
        "ProgressBar": {
          "backgroundColor": "rgba(240, 5, 30, 1.00)"
        }
      }
    },
    {
      "id": "ITzMu63J9",
      "name": "Button",
      "text": "im a distracted Button",
      "styleId": "DefaultButton2",
      "style": {
        "color": "rgba(0, 0, 0, 1.0)",
        "backgroundColor": "rgba(255, 255, 255, 1.00)"
      }
    }
  ]
}