{
  "name": "Pirata Camera",
  "description": "",
  "components": [
    {
      "id": "hNFjhvW2y",
      "name": "Background",
      "styleId": "DefaultBackground22",
      "style": {
        "backgroundImage": "url(http://localhost:8000/resources/RvMR7Dkkl)",
        "opacity": 1
      }
    },
    {
      "id": "_sCcI5fGZ",
      "name": "Text",
      "text": "im a sparkly Text",
      "styleId": "DefaultText3",
      "style": {
        "fontFamily": "sans-serif",
        "fontSize": "18px",
        "color": "rgba(0, 0, 0, 1.00)",
        "backgroundColor": "rgba(255, 255, 255, 0.84)"
      }
    },
    {
      "id": "O-LRhq8M6",
      "name": "Camera",
      "styleId": "DefaultCamera3",
      "style": {
        "CameraButton": {
          "color": "rgba(0, 0, 0, 1.0)",
          "backgroundColor": "rgba(255, 255, 255, 1.00)"
        },
        "Button": {
          "color": "rgba(0, 0, 0, 1.0)",
          "backgroundColor": "rgba(255, 255, 255, 1.00)"
        }
      }
    }
  ]
}