{
  "name": "Pirata con 2 bottoni",
  "description": "",
  "components": [
    {
      "id": "8f4i6KXMf",
      "name": "Background",
      "styleId": "Treasure2",
      "style": {
        "backgroundImage": "url(http://localhost:8000/resources/Nio5OaxPs)",
        "opacity": 1
      }
    },
    {
      "id": "xQL7alWDa",
      "name": "Text",
      "text": "im a blue Text",
      "styleId": "DefaultText2",
      "style": {
        "fontFamily": "sans-serif",
        "fontSize": "18px",
        "color": "rgba(0, 0, 0, 1.00)",
        "backgroundColor": "rgba(255, 255, 255, 0.80)"
      }
    },
    {
      "id": "qjqql3xzP",
      "name": "ButtonGroup",
      "styleId": "DefaultButtonGroup2",
      "children": [
        {
          "id": "W6J-YBuLn",
          "name": "Button",
          "text": "im a blue Button",
          "styleId": "DefaultButton2",
          "style": {
            "color": "rgba(0, 0, 0, 1.0)",
            "backgroundColor": "rgba(255, 255, 255, 1.00)"
          }
        },
        {
          "id": "E0RwOC8nn",
          "name": "Button",
          "text": "im a crappy Button",
          "styleId": "DefaultButton2",
          "style": {
            "color": "rgba(0, 0, 0, 1.0)",
            "backgroundColor": "rgba(255, 255, 255, 1.00)"
          }
        }
      ],
      "style": {}
    }
  ]
}