{
  "name": "Pirata, Testo, Immagine, Bottone",
  "description": "",
  "components": [
    {
      "id": "8f4i6KXMf",
      "name": "Background",
      "styleId": "DefaultBackground2",
      "style": {
        "backgroundImage": "url(http://localhost:8000/resources/2CR2jpFeg)",
        "opacity": 1
      }
    },
    {
      "id": "xQL7alWDa",
      "name": "Text",
      "text": "im a blue Text",
      "styleId": "DefaultText2",
      "style": {
        "fontFamily": "sans-serif",
        "fontSize": "18px",
        "color": "rgba(0, 0, 0, 1.00)",
        "backgroundColor": "rgba(255, 255, 255, 0.80)"
      }
    },
    {
      "id": "J-Y4FB94I",
      "name": "Image",
      "imgURL": "https://lunawood.com/wp-content/uploads/2018/02/placeholder-image.png",
      "fallback": "This is the default fallback",
      "styleId": "DefaultImage",
      "style": {
        "width": "100%",
        "color": "rgba(0, 0, 0, 0.0)",
        "backgroundColor": "rgba(255,255,255,0.0)"
      }
    },
    {
      "id": "h2_5VgZxj",
      "name": "Button",
      "text": "im a sparkly Button",
      "styleId": "DefaultButton2",
      "style": {
        "color": "rgba(0, 0, 0, 1.0)",
        "backgroundColor": "rgba(255, 255, 255, 1.00)"
      }
    }
  ]
}