{
  "name": "Pirati somali",
  "description": "",
  "components": [
    {
      "id": "Kzq4MSZkl",
      "name": "Background",
      "styleId": "DefaultBackground2",
      "style": {
        "backgroundImage": "url(http://localhost:8000/resources/doUTMZeR])",
        "opacity": 0.7
      }
    },
    {
      "id": "S6g3oEdFO",
      "name": "Text",
      "text": "im a sparkly Text",
      "styleId": "DefaultText",
      "style": {
        "fontFamily": "Arial",
        "fontSize": "16px",
        "color": "rgba(0, 0, 0, 1.0)",
        "backgroundColor": "rgba(0, 0, 0, 0.0)"
      }
    },
    {
      "id": "l-r8x2mNn",
      "name": "Image",
      "imgURL": "https://lunawood.com/wp-content/uploads/2018/02/placeholder-image.png",
      "fallback": "This is the default fallback",
      "styleId": "DefaultImage",
      "style": {
        "width": "100%",
        "color": "rgba(0, 0, 0, 0.0)",
        "backgroundColor": "rgba(255,255,255,0.0)"
      }
    },
    {
      "id": "WCtJ1r42X",
      "name": "Button",
      "text": "im a distracted Button",
      "styleId": "DefaultButton2",
      "style": {
        "color": "rgba(0, 0, 0, 1.0)",
        "backgroundColor": "rgba(255, 255, 255, 1.00)"
      }
    }
  ]
}