{
  "name": "Pirata con sigleanschoice",
  "description": "",
  "components": [
    {
      "id": "8Bblwq3lL_",
      "name": "Text",
      "text": "Use the drag handle on the left to reorder components, while you're not editing. After you've saved a style, you can use it on other elements of the same type while in the same session. Once you're done, save the node type with the bottom left button. You'll then be able to use it in the Editor with personalized content!",
      "styleId": "DefaultText2",
      "style": {
        "fontFamily": "sans-serif",
        "fontSize": "18px",
        "color": "rgba(0, 0, 0, 1.00)",
        "backgroundColor": "rgba(255, 255, 255, 0.74)"
      }
    },
    {
      "id": "Iy3DboSOJ",
      "name": "Background",
      "styleId": "DefaultBackground2",
      "style": {
        "backgroundImage": "url(http://localhost:8000/resources/Jrd13Sjfg)",
        "opacity": 1
      }
    },
    {
      "id": "kV4LqTu4lQ",
      "name": "SingleAnsChoices",
      "styleId": "DefaultSingleAnsChoices2",
      "withSubmit": true,
      "answers": [
        {
          "id": "pwLBGip0U",
          "text": "Bianco",
          "value": "[CORRECT]",
          "points": 0
        },
        {
          "id": "KCkSc6nxg1",
          "text": "Rosso",
          "value": "[WRONG]",
          "points": 0
        },
        {
          "id": "IiQ_xD7rU6",
          "text": "Blu",
          "value": "[WRONG]",
          "points": 0
        },
        {
          "id": "47y69BedFL",
          "text": "Verde",
          "value": "[WRONG]",
          "points": 0
        }
      ],
      "style": {
        "Root": {},
        "Radio": {
          "color": "rgba(0, 0, 0, 1.0)",
          "backgroundColor": "rgba(255, 255, 255, 1.00)"
        },
        "Checkbox": {},
        "Button": {
          "color": "rgba(0, 0, 0, 1.0)",
          "backgroundColor": "rgba(255, 255, 255, 1.00)"
        }
      }
    }
  ]
}