{
  "name": "Pirata 2 scelte",
  "description": "",
  "components": [
    {
      "id": "fbowg3574",
      "name": "Background",
      "styleId": "Pirata Background",
      "style": {
        "backgroundImage": "url(http://localhost:8000/resources/u7sw11fqR)",
        "opacity": 1
      }
    },
    {
      "id": "vvvqdfO6c",
      "name": "Text",
      "text": "im a crappy Text",
      "styleId": "black Text white background 2",
      "style": {
        "fontFamily": "sans-serif",
        "fontSize": "18px",
        "color": "rgba(14, 8, 8, 1.00)",
        "backgroundColor": "rgba(255, 255, 255, 0.84)"
      }
    },
    {
      "id": "UDN9uRVSE",
      "name": "ButtonGroup",
      "styleId": "DefaultButtonGroup3",
      "children": [
        {
          "id": "H8n9mmSiu",
          "name": "Button",
          "text": "im a OCaml...! Button",
          "styleId": "DefaultButton2",
          "style": {
            "color": "rgba(0, 0, 0, 1.0)",
            "backgroundColor": "rgba(255, 255, 255, 1.00)"
          }
        },
        {
          "id": "3tZB4TFy4",
          "name": "Button",
          "text": "im a distracted Button",
          "styleId": "DefaultButton2",
          "style": {
            "color": "rgba(0, 0, 0, 1.0)",
            "backgroundColor": "rgba(255, 255, 255, 1.00)"
          }
        }
      ],
      "style": {}
    }
  ]
}