{
  "name": "Prigione",
  "description": "",
  "components": [
    {
      "id": "fbowg3574",
      "name": "Background",
      "styleId": "Cave Background",
      "style": {
        "backgroundImage": "url(http://localhost:8000/resources/gcmVRous7)",
        "opacity": 1
      }
    },
    {
      "id": "vvvqdfO6c",
      "name": "Text",
      "text": "im a crappy Text",
      "styleId": "black Text white background",
      "style": {
        "fontFamily": "sans-serif",
        "fontSize": "18px",
        "color": "rgba(14, 8, 8, 1.00)",
        "backgroundColor": "rgba(255, 255, 255, 0.73)"
      }
    },
    {
      "id": "ITzMu63J9",
      "name": "Button",
      "text": "im a distracted Button",
      "styleId": "DefaultButton2",
      "style": {
        "color": "rgba(0, 0, 0, 1.0)",
        "backgroundColor": "rgba(255, 255, 255, 1.00)"
      }
    }
  ]
}