{
  "name": "Prigione 3",
  "description": "",
  "components": [
    {
      "id": "fbowg3574",
      "name": "Background",
      "styleId": "Cave Background",
      "style": {
        "backgroundImage": "url(http://localhost:8000/resources/gcmVRous7)",
        "opacity": 1
      }
    },
    {
      "id": "vvvqdfO6c",
      "name": "Text",
      "text": "im a crappy Text",
      "styleId": "black Text white background",
      "style": {
        "fontFamily": "sans-serif",
        "fontSize": "18px",
        "color": "rgba(14, 8, 8, 1.00)",
        "backgroundColor": "rgba(255, 255, 255, 0.73)"
      }
    },
    {
      "id": "d8Stth8cv",
      "name": "ButtonGroup",
      "styleId": "DefaultButtonGroup2",
      "children": [
        {
          "id": "YuINtmrwZ",
          "name": "Button",
          "text": "im a javascript Button",
          "styleId": "DefaultButton2",
          "style": {
            "color": "rgba(0, 0, 0, 1.0)",
            "backgroundColor": "rgba(255, 255, 255, 1.00)"
          }
        },
        {
          "id": "VdiA8EzeT-",
          "name": "Button",
          "text": "im a loving Button",
          "styleId": "DefaultButton2",
          "style": {
            "color": "rgba(0, 0, 0, 1.0)",
            "backgroundColor": "rgba(255, 255, 255, 1.00)"
          }
        }
      ],
      "style": {}
    }
  ]
}