{
  "name": "SIngleChoices pirata",
  "description": "",
  "components": [
    {
      "id": "fbowg3574",
      "name": "Background",
      "styleId": "Pirata Background",
      "style": {
        "backgroundImage": "url(http://localhost:8000/resources/u7sw11fqR)",
        "opacity": 1
      }
    },
    {
      "id": "vvvqdfO6c",
      "name": "Text",
      "text": "im a crappy Text",
      "styleId": "black Text white background 2",
      "style": {
        "fontFamily": "sans-serif",
        "fontSize": "18px",
        "color": "rgba(14, 8, 8, 1.00)",
        "backgroundColor": "rgba(255, 255, 255, 0.84)"
      }
    },
    {
      "id": "mCX3G00HHK",
      "name": "SingleAnsChoices",
      "styleId": "DefaultSingleAnsChoices2",
      "withSubmit": true,
      "answers": [
        {
          "id": "5Upj_fE2a",
          "text": "Bianco",
          "value": "[CORRECT]",
          "points": 0
        },
        {
          "id": "YGOg4vyAXy",
          "text": "Rosso",
          "value": "[WRONG]",
          "points": 0
        },
        {
          "id": "4ewZcot5CW",
          "text": "Blu",
          "value": "[WRONG]",
          "points": 0
        },
        {
          "id": "2Ly0FPh94p",
          "text": "Verde",
          "value": "[WRONG]",
          "points": 0
        }
      ],
      "style": {
        "Root": {},
        "Radio": {
          "color": "rgba(0, 0, 0, 1.0)",
          "backgroundColor": "rgba(241, 241, 241, 1.00)"
        },
        "Checkbox": {},
        "Button": {
          "color": "rgba(0, 0, 0, 1.0)",
          "backgroundColor": "rgba(252, 252, 252, 1.00)"
        }
      }
    }
  ]
}