{
  "name": "Tesoro 2 risposte",
  "description": "",
  "components": [
    {
      "id": "hNFjhvW2y",
      "name": "Background",
      "styleId": "DefaultBackground229",
      "style": {
        "backgroundImage": "url(http://localhost:8000/resources/N8gkJxqgZ)",
        "opacity": 1
      }
    },
    {
      "id": "_sCcI5fGZ",
      "name": "Text",
      "text": "im a sparkly Text",
      "styleId": "DefaultText3",
      "style": {
        "fontFamily": "sans-serif",
        "fontSize": "18px",
        "color": "rgba(0, 0, 0, 1.00)",
        "backgroundColor": "rgba(255, 255, 255, 0.84)"
      }
    },
    {
      "id": "MWlYrYwSt",
      "name": "ButtonGroup",
      "styleId": "DefaultButtonGroup2",
      "children": [
        {
          "id": "cIvZM9tHA",
          "name": "Button",
          "text": "im a beautiful Button",
          "styleId": "DefaultButton5",
          "style": {
            "color": "rgba(0, 0, 0, 1.0)",
            "backgroundColor": "rgba(255, 255, 255, 1.00)"
          }
        },
        {
          "id": "yNb2HYNjT",
          "name": "Button",
          "text": "im a blue Button",
          "styleId": "DefaultButton5",
          "style": {
            "color": "rgba(0, 0, 0, 1.0)",
            "backgroundColor": "rgba(255, 255, 255, 1.00)"
          }
        }
      ],
      "style": {}
    }
  ]
}