{
  "name": "TextArea Pirati 2",
  "description": "",
  "components": [
    {
      "id": "e8Ycw8gnR",
      "name": "Background",
      "styleId": "DefaultBackground2",
      "style": {
        "backgroundImage": "url(http://localhost:8000/resources/EIWBe5tT1)",
        "opacity": 1
      }
    },
    {
      "id": "osPYfTGXD",
      "name": "Text",
      "text": "im a OCaml...! Text",
      "styleId": "DefaultText2",
      "style": {
        "fontFamily": "sans-serif",
        "fontSize": "18px",
        "color": "rgba(0, 0, 0, 1.0)",
        "backgroundColor": "rgba(255, 255, 255, 0.78)"
      }
    },
    {
      "id": "8jr3Et26Z",
      "name": "TextArea",
      "label": "Default text",
      "rows": 5,
      "styleId": "DefaultTextArea2",
      "style": {
        "color": "rgba(0, 0, 0, 1.0)",
        "backgroundColor": "rgba(255,255,255,1.0)",
        "Button": {
          "color": "rgba(0, 0, 0, 1.00)",
          "backgroundColor": "rgba(255, 255, 255, 1.00)"
        },
        "Label": {
          "color": "rgba(0, 0, 0, 1.0)",
          "backgroundColor": "rgba(255, 255, 255, 0.90)"
        }
      }
    }
  ]
}