{
  "name": "TextArea Pirate",
  "description": "",
  "components": [
    {
      "id": "zjvJO0egW",
      "name": "Background",
      "styleId": "DefaultBackground2",
      "style": {
        "backgroundImage": "url(http://localhost:8000/resources/WKdk3jPM9)",
        "opacity": 1
      }
    },
    {
      "id": "uXuETjl8T",
      "name": "Text",
      "text": "im a blue Text",
      "styleId": "DefaultText2",
      "style": {
        "fontFamily": "sans-serif",
        "fontSize": "18px",
        "color": "rgba(0, 0, 0, 1.00)",
        "backgroundColor": "rgba(255, 255, 255, 0.71)"
      }
    },
    {
      "id": "ETUDMePJM",
      "name": "TextArea",
      "label": "Default text",
      "rows": 5,
      "styleId": "TextArea-1m3n8fWcR",
      "style": {
        "color": "rgba(255, 255, 255, 1.00)",
        "backgroundColor": "rgba(255, 255, 255, 1.00)",
        "Button": {
          "color": "rgba(0, 0, 0, 1.00)",
          "backgroundColor": "rgba(255, 255, 255, 1.00)"
        }
      }
    }
  ]
}