{
  "name": "WaterBackground",
  "description": "",
  "components": [
    {
      "id": "S_fEzCMxT",
      "name": "Background",
      "styleId": "WaterBackground",
      "style": {
        "backgroundImage": "url(http://localhost:8000/resources/Il9aNwbrt)",
        "opacity": 0.7
      }
    },
    {
      "id": "BpKXRsJcn",
      "name": "Text",
      "text": "im a distracted Text",
      "styleId": "Testo Water",
      "style": {
        "fontFamily": "Arial",
        "fontSize": "18px",
        "color": "rgba(0, 0, 0, 1.0)",
        "backgroundColor": "rgba(255, 255, 255, 0.64)"
      }
    },
    {
      "id": "Uix0ZPeVN",
      "name": "Button",
      "text": "im a loving Button",
      "styleId": "Botton eBianco",
      "style": {
        "color": "rgba(0, 0, 0, 1.0)",
        "backgroundColor": "rgba(246, 236, 229, 1.00)"
      }
    }
  ]
}