{
  "name": "2 way fork",
  "description": "A component to separate two different storyline",
  "components": [
    {
      "id": "aXnLWcpyp",
      "name": "Background",
      "styleId": "DeepSpaceBG",
      "style": {
        "backgroundImage": "url(http://localhost:8000/resources/8nyfPF3YH)"
      }
    },
    {
      "id": "CHijwkf-R",
      "name": "Text",
      "text": "im a blue Text",
      "styleId": "WhiteMDText",
      "style": {
        "fontFamily": "Geneva",
        "fontSize": "24px",
        "color": "rgba(255, 255, 255, 1.00)",
        "textAlign": "center"
      }
    },
    {
      "id": "hgaPIwT3s",
      "name": "ButtonGroup",
      "styleId": "2 Way Fork",
      "children": [
        {
          "id": "xu3-Kws5_",
          "name": "Button",
          "text": "im a crappy Button",
          "styleId": "ErrorCenteredButton",
          "style": {
            "color": "rgba(255, 255, 255, 1.00)",
            "backgroundColor": "rgba(223, 99, 58, 1.00)"
          }
        },
        {
          "id": "Ly3VsTQYs3",
          "name": "Button",
          "text": "im a blue Button",
          "styleId": "ErrorCenteredButton",
          "style": {
            "color": "rgba(255, 255, 255, 1.00)",
            "backgroundColor": "rgba(223, 99, 58, 1.00)"
          }
        }
      ],
      "style": {}
    }
  ]
}