{
  "name": "backgroundButton",
  "description": "thisshould be wroking right?",
  "components": [
    {
      "id": "Btdud5jmHC",
      "name": "Text",
      "text": "Di che colore è il cavallo bianco di Napoleone?",
      "styleId": "DefaultText",
      "style": {
        "fontFamily": "Arial",
        "fontSize": "16px",
        "color": "rgba(0, 0, 0, 1.0)"
      }
    },
    {
      "id": "tLBXR_pJV",
      "name": "Background",
      "styleId": "WorldTriggerDB",
      "style": {
        "backgroundImage": "url(http://localhost:8000/resources/wR2PGtr0l)"
      }
    },
    {
      "id": "1cL_7M5kO",
      "name": "Spacer",
      "styleId": "shit",
      "style": {
        "backgroundColor": "rgba(255, 255, 255, 0.00)",
        "height": "53%",
        "width": "100%"
      }
    },
    {
      "id": "MPOYVfBB8",
      "name": "Button",
      "text": "im a OCaml...! Button",
      "styleId": "DefaultButton",
      "style": {
        "color": "rgba(0, 0, 0, 1.0)",
        "backgroundColor": "rgba(140, 206, 179, 1.0)"
      }
    }
  ]
}