{
  "name": "bad group",
  "description": "",
  "components": [
    {
      "id": "T6bW9Ul7QX",
      "name": "Text",
      "text": "Di che colore è il cavallo bianco di Napoleone?",
      "styleId": "DefaultText",
      "style": {
        "fontFamily": "Arial",
        "fontSize": "16px",
        "color": "rgba(0, 0, 0, 1.0)"
      }
    },
    {
      "id": "HRA-JNkO5i",
      "name": "ButtonGroup",
      "styleId": "DefaultButtonGroup",
      "children": [
        {
          "id": "g1LVqX05ny",
          "name": "Button",
          "text": "Ritenta",
          "styleId": "opa"
        },
        {
          "id": "v7jfVaCBW8",
          "name": "Button",
          "text": "Abbandona",
          "styleId": "DefaultButton"
        }
      ],
      "style": {}
    }
  ]
}