{
  "name": "ButtonGroupWhiteBlue",
  "description": "",
  "components": [
    {
      "id": "Xiqrwi9aMo",
      "name": "Text",
      "text": "Di che colore è il cavallo bianco di Napoleone?",
      "styleId": "ComicUnderline",
      "style": {
        "fontFamily": "Comic Sans MS",
        "fontSize": "21px",
        "color": "rgba(0, 0, 0, 1.0)",
        "fontWeight": "bold",
        "textDecoration": "underline"
      }
    },
    {
      "id": "tuYvla1wEi",
      "name": "ButtonGroup",
      "styleId": "WhiteBlueButtons",
      "children": [
        {
          "id": "mcdsb418yi",
          "name": "Button",
          "text": "Ritenta",
          "styleId": "BlueButton"
        },
        {
          "id": "SHt1HofJyQ",
          "name": "Button",
          "text": "Abbandona",
          "styleId": "WhiteButton"
        }
      ],
      "style": {}
    }
  ]
}