{
  "name": "dark text button",
  "description": "",
  "components": [
    {
      "id": "jcDMZmMnf",
      "name": "Text",
      "text": "im a sparkly Text",
      "styleId": "transpwhitetext",
      "style": {
        "fontFamily": "sans-serif",
        "fontSize": "14px",
        "color": "rgba(255, 255, 255, 1.00)",
        "backgroundColor": "rgba(0, 0, 0, 0.00)",
        "textAlign": "center"
      }
    },
    {
      "id": "k_xOTRj3T",
      "name": "Background",
      "styleId": "darkBG",
      "style": {
        "backgroundImage": "url(http://localhost:8000/resources/TPJT22tJJ)",
        "opacity": 1
      }
    },
    {
      "id": "jZ_D0wVo6",
      "name": "Spacer",
      "styleId": "largespacerr",
      "style": {
        "backgroundColor": "rgba(0, 0, 0, 0.00)",
        "height": "20%",
        "width": "100%"
      }
    },
    {
      "id": "1lmzUnif7",
      "name": "ButtonGroup",
      "styleId": "DefaultButtonGroup",
      "children": [
        {
          "id": "rQzS77H3H",
          "name": "Button",
          "text": "im a beautiful Button",
          "styleId": "BlueButton",
          "style": {
            "color": "rgba(255, 255, 255, 1.00)",
            "backgroundColor": "rgba(42, 68, 210, 1.00)"
          }
        }
      ],
      "style": {}
    }
  ]
}