{
  "name": "dark text textarea",
  "description": "",
  "components": [
    {
      "id": "jcDMZmMnf",
      "name": "Text",
      "text": "im a sparkly Text",
      "styleId": "spacetext",
      "style": {
        "fontFamily": "sans-serif",
        "fontSize": "14px",
        "color": "rgba(255, 255, 255, 1.00)",
        "backgroundColor": "rgba(0, 0, 0, 0.56)",
        "textAlign": "center"
      }
    },
    {
      "id": "k_xOTRj3T",
      "name": "Background",
      "styleId": "darkBG",
      "style": {
        "backgroundImage": "url(http://localhost:8000/resources/TPJT22tJJ)",
        "opacity": 1
      }
    },
    {
      "id": "jZ_D0wVo6",
      "name": "Spacer",
      "styleId": "largespacerr",
      "style": {
        "backgroundColor": "rgba(0, 0, 0, 0.00)",
        "height": "20%",
        "width": "100%"
      }
    },
    {
      "id": "ziLZuHRIv",
      "name": "TextArea",
      "label": "Default text",
      "rows": 5,
      "styleId": "SpaceTextArea",
      "style": {
        "color": "rgba(255, 255, 255, 1.00)",
        "backgroundColor": "rgba(0, 0, 0, 1.00)",
        "Button": {
          "color": "rgba(255, 255, 255, 1.0)",
          "backgroundColor": "rgba(26, 31, 193, 1.00)"
        },
        "Label": {
          "color": "rgba(255, 255, 255, 1.00)",
          "backgroundColor": "rgba(0, 0, 0, 1.00)"
        }
      }
    }
  ]
}