{
  "name": "Deepspace Transition",
  "description": "A simple component useful for transition, introduction and to create a context for the player",
  "components": [
    {
      "id": "p3GhBZPhG",
      "name": "Background",
      "styleId": "DeepSpaceBG",
      "style": {
        "backgroundImage": "url(http://localhost:8000/resources/MqiFQjzYl)",
        "opacity": 1
      }
    },
    {
      "id": "ytCf-6-4G",
      "name": "Text",
      "text": "im a beautiful Text",
      "styleId": "Text-MJQseT7u6",
      "style": {
        "fontFamily": "Helvetica",
        "fontSize": "22px",
        "color": "rgba(255, 255, 255, 1.00)",
        "backgroundColor": "rgba(0, 0, 0, 1.00)",
        "textAlign": "center"
      }
    },
    {
      "id": "l7C5uPhMc",
      "name": "ButtonGroup",
      "styleId": "DeepSpaceBTGP",
      "children": [
        {
          "id": "YB3Jpyue8",
          "name": "Button",
          "text": "im a loving Button",
          "styleId": "DeepSpaceBTN",
          "style": {
            "color": "rgba(255, 255, 255, 1.00)",
            "backgroundColor": "rgba(17, 52, 115, 1.00)"
          }
        }
      ],
      "style": {}
    }
  ]
}