{
  "name": "First stage MultiAns",
  "description": "A first stage component with multiple answer possible. Is advised to start easy to let the player ambient themselves",
  "components": [
    {
      "id": "aXnLWcpyp",
      "name": "Background",
      "styleId": "EartOrbitBG",
      "style": {
        "backgroundImage": "url(http://localhost:8000/resources/7gvngDiLi)"
      }
    },
    {
      "id": "CHijwkf-R",
      "name": "Text",
      "text": "im a blue Text",
      "styleId": "WhiteMDText",
      "style": {
        "fontFamily": "Geneva",
        "fontSize": "24px",
        "color": "rgba(255, 255, 255, 1.00)",
        "textAlign": "center"
      }
    },
    {
      "id": "oay5Dgxq6t",
      "name": "MultiAnsChoices",
      "styleId": "MultLightBlue",
      "withSubmit": true,
      "answers": [
        {
          "id": "TaAO2S8CS",
          "text": "Bianco",
          "value": "[CORRECT]",
          "points": 0
        },
        {
          "id": "7eiDp-sYyC",
          "text": "Rosso",
          "value": "[CORRECT]",
          "points": 0
        },
        {
          "id": "w3CblrOs0d",
          "text": "Blu",
          "value": "[WRONG]",
          "points": 0
        },
        {
          "id": "G5uQyqU84i",
          "text": "Verde",
          "value": "[WRONG]",
          "points": 0
        }
      ],
      "style": {
        "Root": {},
        "Radio": {},
        "Checkbox": {
          "color": "rgba(255, 255, 255, 1.00)",
          "backgroundColor": "rgba(58, 129, 223, 1.00)"
        },
        "Button": {
          "color": "rgba(255, 255, 255, 1.00)",
          "backgroundColor": "rgba(240, 80, 40, 1.00)"
        }
      }
    }
  ]
}