{
  "name": "FutureScreen Transition",
  "description": "A simple component useful for transition, introduction and to create a context for the player with the resemblance of a futuristic screen",
  "components": [
    {
      "id": "MQixmkEPi",
      "name": "Spacer",
      "styleId": "TransparentSpacerSM",
      "style": {
        "backgroundColor": "rgba(255, 255, 255, 0.00)",
        "height": "15%",
        "width": "100%"
      }
    },
    {
      "id": "p3GhBZPhG",
      "name": "Background",
      "styleId": "ScreenBG",
      "style": {
        "backgroundImage": "url(http://localhost:8000/resources/Gs3d4S6DR)",
        "opacity": 1
      }
    },
    {
      "id": "ytCf-6-4G",
      "name": "Text",
      "text": "im a beautiful Text",
      "styleId": "ScreenTXT",
      "style": {
        "fontFamily": "Helvetica",
        "fontSize": "19px",
        "color": "rgba(255, 255, 255, 1.00)",
        "backgroundColor": "rgba(0, 0, 0, 0.00)",
        "textAlign": "center"
      }
    },
    {
      "id": "l7C5uPhMc",
      "name": "ButtonGroup",
      "styleId": "DeepSpaceBTGP",
      "children": [
        {
          "id": "YB3Jpyue8",
          "name": "Button",
          "text": "im a loving Button",
          "styleId": "DeepSpaceBTN",
          "style": {
            "color": "rgba(255, 255, 255, 1.00)",
            "backgroundColor": "rgba(17, 52, 115, 1.00)"
          }
        }
      ],
      "style": {}
    }
  ]
}