{
  "name": "future mono 2 text 4 button",
  "description": "",
  "components": [
    {
      "id": "jAJ338NVk",
      "name": "Text",
      "text": "im a distracted Text",
      "styleId": "monospacetext",
      "style": {
        "fontFamily": "monospace",
        "fontSize": "28px",
        "color": "rgba(255, 255, 255, 1.00)",
        "backgroundColor": "rgba(0, 0, 0, 0.41)",
        "textAlign": "center",
        "fontWeight": "bold"
      }
    },
    {
      "id": "svLfcwdZp",
      "name": "Text",
      "text": "im a grim Text",
      "styleId": "spacetext",
      "style": {
        "fontFamily": "sans-serif",
        "fontSize": "20px",
        "color": "rgba(255, 255, 255, 1.00)",
        "backgroundColor": "rgba(0, 0, 0, 0.41)",
        "textAlign": "center"
      }
    },
    {
      "id": "8ezNKN6rNy",
      "name": "ButtonGroup",
      "styleId": "DefaultButtonGroup",
      "children": [
        {
          "id": "ohfa_hWk8T",
          "name": "Button",
          "text": "Kiss the toad",
          "styleId": "BlueButton",
          "style": {
            "color": "rgba(255, 255, 255, 1.00)",
            "backgroundColor": "rgba(45, 62, 200, 1.00)"
          }
        },
        {
          "id": "rp0TT7geIa",
          "name": "Button",
          "text": "Leave",
          "styleId": "BlueButton",
          "style": {
            "color": "rgba(255, 255, 255, 1.00)",
            "backgroundColor": "rgba(45, 62, 200, 1.00)"
          }
        },
        {
          "id": "XNcUUYMjw",
          "name": "Button",
          "text": "im a loving Button",
          "styleId": "BlueButton",
          "style": {
            "color": "rgba(255, 255, 255, 1.00)",
            "backgroundColor": "rgba(45, 62, 200, 1.00)"
          }
        },
        {
          "id": "YrFyTy3xq",
          "name": "Button",
          "text": "im a sparkly Button",
          "styleId": "BlueButton",
          "style": {
            "color": "rgba(255, 255, 255, 1.00)",
            "backgroundColor": "rgba(45, 62, 200, 1.00)"
          }
        }
      ],
      "style": {}
    },
    {
      "id": "isMTWqv1L",
      "name": "Background",
      "styleId": "futureBG",
      "style": {
        "backgroundImage": "url(http://localhost:8000/resources/dKJpw6zgB)",
        "opacity": 1
      }
    }
  ]
}