{
  "name": "Graph Answer",
  "description": "A simple component where a image is presented to the user and it has to write a little phrase regarding the given image. This component is human-only evaluable.",
  "components": [
    {
      "id": "ytCf-6-4G",
      "name": "Text",
      "text": "im a beautiful Text",
      "styleId": "GraphTXT",
      "style": {
        "fontFamily": "Helvetica",
        "fontSize": "22px",
        "color": "rgba(0, 0, 0, 1.00)",
        "backgroundColor": "rgba(255, 255, 255, 0.00)",
        "textAlign": "center"
      }
    },
    {
      "id": "FQZrnRBCA",
      "name": "Image",
      "imgURL": "https://lunawood.com/wp-content/uploads/2018/02/placeholder-image.png",
      "fallback": "This is the default fallback",
      "styleId": "DefaultImage",
      "style": {
        "width": "100%",
        "color": "rgba(0, 0, 0, 0.0)",
        "backgroundColor": "rgba(255,255,255,0.0)"
      }
    },
    {
      "id": "5O31jr2mV",
      "name": "TextArea",
      "label": "Default text",
      "rows": 5,
      "styleId": "TextArea-wiaAjW2A6",
      "style": {
        "color": "rgba(0, 0, 0, 1.0)",
        "backgroundColor": "rgba(255, 255, 255, 0.00)",
        "Button": {
          "color": "rgba(255, 255, 255, 1.0)",
          "backgroundColor": "rgba(0, 0, 0, 1.00)"
        }
      }
    }
  ]
}