{
  "name": "habit text 1 button",
  "description": "",
  "components": [
    {
      "id": "g7FTKzb6w",
      "name": "Text",
      "text": "im a grim Text",
      "styleId": "spacetext",
      "style": {
        "fontFamily": "sans-serif",
        "fontSize": "20px",
        "color": "rgba(255, 255, 255, 1.00)",
        "backgroundColor": "rgba(0, 0, 0, 0.48)",
        "textAlign": "center"
      }
    },
    {
      "id": "q90Zuiv0ob",
      "name": "ButtonGroup",
      "styleId": "DefaultButtonGroup",
      "children": [
        {
          "id": "Uf5wqUb-Qr",
          "name": "Button",
          "text": "Leave",
          "styleId": "BlueButton",
          "style": {
            "color": "rgba(255, 255, 255, 1.00)",
            "backgroundColor": "rgba(38, 62, 190, 1.00)"
          }
        }
      ],
      "style": {}
    },
    {
      "id": "5ELUdf_D4",
      "name": "Background",
      "styleId": "spacehabit",
      "style": {
        "backgroundImage": "url(http://localhost:8000/resources/pYLi5LKNH)",
        "opacity": 1
      }
    }
  ]
}