{
  "name": "Introduction & Conclusion",
  "description": "A template for a brief template for introducing or concluding a space ambiented story ",
  "components": [
    {
      "id": "6C2dRq3HI",
      "name": "Background",
      "styleId": "EarthBG",
      "style": {
        "backgroundImage": "url(http://localhost:8000/resources/qXhVPbPqU)"
      }
    },
    {
      "id": "k1I7C2kMV",
      "name": "Text",
      "text": "im a distracted Text",
      "styleId": "WhiteNormalText",
      "style": {
        "fontFamily": "Geneva",
        "fontSize": "26px",
        "color": "rgba(255, 255, 255, 1.00)",
        "textAlign": "center"
      }
    },
    {
      "id": "nfOMZ1Pvd",
      "name": "Spacer",
      "styleId": "TransparentSpacer",
      "style": {
        "backgroundColor": "rgba(255, 255, 255, 0.00)",
        "height": "17%",
        "width": "100%"
      }
    },
    {
      "id": "nByrIsSXr",
      "name": "ButtonGroup",
      "styleId": "CenteredSingleButton",
      "children": [
        {
          "id": "VoPpiQdr5",
          "name": "Button",
          "text": "im a sparkly Button",
          "styleId": "LightBlueButton",
          "style": {
            "color": "rgba(255, 255, 255, 1.00)",
            "backgroundColor": "rgba(0, 191, 255, 0.63)"
          }
        }
      ],
      "style": {}
    }
  ]
}