{
  "name": "nebula 2 button",
  "description": "",
  "components": [
    {
      "id": "UafLzycSo",
      "name": "Text",
      "text": "im a distracted Text",
      "styleId": "spacetext",
      "style": {
        "fontFamily": "sans-serif",
        "fontSize": "20px",
        "color": "rgba(255, 255, 255, 1.00)",
        "backgroundColor": "rgba(0, 0, 0, 0.50)",
        "textAlign": "center"
      }
    },
    {
      "id": "SCkgtAeCeh",
      "name": "ButtonGroup",
      "styleId": "DefaultButtonGroup",
      "children": [
        {
          "id": "UHukBF6rFK",
          "name": "Button",
          "text": "Kiss the toad",
          "styleId": "bluebutton",
          "style": {
            "color": "rgba(255, 255, 255, 1.00)",
            "backgroundColor": "rgba(44, 49, 210, 1.00)"
          }
        },
        {
          "id": "b-JhgnhS1M",
          "name": "Button",
          "text": "Leave",
          "styleId": "bluebutton",
          "style": {
            "color": "rgba(255, 255, 255, 1.00)",
            "backgroundColor": "rgba(44, 49, 210, 1.00)"
          }
        }
      ],
      "style": {}
    },
    {
      "id": "FtBhKFZwv",
      "name": "Background",
      "styleId": "nebula",
      "style": {
        "backgroundImage": "url(http://localhost:8000/resources/tKQpXa3GZ)",
        "opacity": 1
      }
    }
  ]
}