{
  "name": "Second stage enigma",
  "description": "A second stage component used to introduce an enigma to the player to be answered with a one-word response.",
  "components": [
    {
      "id": "aXnLWcpyp",
      "name": "Background",
      "styleId": "DeepSpaceBG",
      "style": {
        "backgroundImage": "url(http://localhost:8000/resources/8nyfPF3YH)"
      }
    },
    {
      "id": "CHijwkf-R",
      "name": "Text",
      "text": "im a blue Text",
      "styleId": "WhiteMDText",
      "style": {
        "fontFamily": "Geneva",
        "fontSize": "24px",
        "color": "rgba(255, 255, 255, 1.00)",
        "textAlign": "center"
      }
    },
    {
      "id": "d2nVIaeX8",
      "name": "Input",
      "placeholder": "Default placeholder text",
      "styleId": "MechanismInput",
      "style": {
        "color": "rgba(255, 255, 255, 1.00)",
        "backgroundColor": "rgba(255, 0, 0, 1.00)"
      }
    }
  ]
}