{
  "name": "Second stage Intro",
  "description": "A second stage component to introduce a new ambient. Is advised to start easy to let the player ambient themselves",
  "components": [
    {
      "id": "aXnLWcpyp",
      "name": "Background",
      "styleId": "DeepSpaceBG",
      "style": {
        "backgroundImage": "url(http://localhost:8000/resources/8nyfPF3YH)"
      }
    },
    {
      "id": "CHijwkf-R",
      "name": "Text",
      "text": "im a blue Text",
      "styleId": "WhiteMDText",
      "style": {
        "fontFamily": "Geneva",
        "fontSize": "24px",
        "color": "rgba(255, 255, 255, 1.00)",
        "textAlign": "center"
      }
    },
    {
      "id": "AWfYet5Od",
      "name": "ButtonGroup",
      "styleId": "CenteredErrorButtGroup",
      "children": [
        {
          "id": "kMQXWTlSN",
          "name": "Button",
          "text": "im a beautiful Button",
          "styleId": "ErrorCenteredButton",
          "style": {
            "color": "rgba(255, 255, 255, 1.00)",
            "backgroundColor": "rgba(223, 99, 58, 1.00)"
          }
        }
      ],
      "style": {}
    }
  ]
}