{
  "name": "ship brown text choice",
  "description": "",
  "components": [
    {
      "id": "jcDMZmMnf",
      "name": "Text",
      "text": "im a sparkly Text",
      "styleId": "largecenteredtextbrownbg",
      "style": {
        "fontFamily": "Arial",
        "fontSize": "21px",
        "color": "rgba(0, 0, 0, 1.0)",
        "backgroundColor": "rgba(230, 218, 196, 0.64)",
        "textAlign": "center"
      }
    },
    {
      "id": "k_xOTRj3T",
      "name": "Background",
      "styleId": "fadedship",
      "style": {
        "backgroundImage": "url(http://localhost:8000/resources/Z7tTxnxBD)",
        "opacity": 0.5
      }
    },
    {
      "id": "jZ_D0wVo6",
      "name": "Spacer",
      "styleId": "smallspacerr",
      "style": {
        "backgroundColor": "rgba(0, 0, 0, 0.00)",
        "height": "6%",
        "width": "100%"
      }
    },
    {
      "id": "2OhoLg9dky",
      "name": "SingleAnsChoices",
      "styleId": "brownchoice",
      "withSubmit": true,
      "answers": [
        {
          "id": "tSrF2HsBp",
          "text": "Bianco",
          "value": "[CORRECT]",
          "points": 0
        },
        {
          "id": "7LdR-6m1sP",
          "text": "Rosso",
          "value": "[WRONG]",
          "points": 0
        },
        {
          "id": "q0xuSCbLnD",
          "text": "Blu",
          "value": "[WRONG]",
          "points": 0
        },
        {
          "id": "2dj2T9JQaY",
          "text": "Verde",
          "value": "[WRONG]",
          "points": 0
        }
      ],
      "style": {
        "Root": {},
        "Radio": {
          "color": "rgba(0, 0, 0, 1.0)",
          "backgroundColor": "rgba(178, 175, 165, 1.00)"
        },
        "Checkbox": {},
        "Button": {
          "color": "rgba(0, 0, 0, 1.0)",
          "backgroundColor": "rgba(140, 206, 179, 1.0)"
        }
      }
    }
  ]
}