{
  "name": "ship text textarea",
  "description": "",
  "components": [
    {
      "id": "jcDMZmMnf",
      "name": "Text",
      "text": "im a sparkly Text",
      "styleId": "largecenteredtext",
      "style": {
        "fontFamily": "Arial",
        "fontSize": "21px",
        "color": "rgba(0, 0, 0, 1.0)",
        "backgroundColor": "rgba(255, 255, 255, 0.0)",
        "textAlign": "center"
      }
    },
    {
      "id": "k_xOTRj3T",
      "name": "Background",
      "styleId": "fadedship",
      "style": {
        "backgroundImage": "url(http://localhost:8000/resources/Z7tTxnxBD)",
        "opacity": 0.5
      }
    },
    {
      "id": "jZ_D0wVo6",
      "name": "Spacer",
      "styleId": "largespacerr",
      "style": {
        "backgroundColor": "rgba(0, 0, 0, 0.00)",
        "height": "20%",
        "width": "100%"
      }
    },
    {
      "id": "24R4l8hpm",
      "name": "TextArea",
      "label": "Default text",
      "rows": 5,
      "styleId": "browntextarea",
      "style": {
        "color": "rgba(255, 255, 255, 1.00)",
        "backgroundColor": "rgba(162, 162, 162, 1.00)",
        "Button": {
          "color": "rgba(0, 0, 0, 1.00)",
          "backgroundColor": "rgba(162, 162, 162, 1.00)"
        },
        "Label": {
          "color": "rgba(0, 0, 0, 1.00)",
          "backgroundColor": "rgba(162, 162, 162, 1.00)"
        }
      }
    }
  ]
}