{
  "name": "space Image and button",
  "description": "",
  "components": [
    {
      "id": "kvnyjqOHt",
      "name": "Text",
      "text": "im a beautiful Text",
      "styleId": "SpaceTEXT",
      "style": {
        "fontFamily": "sans-serif",
        "fontSize": "20px",
        "color": "rgba(255, 255, 255, 1.00)",
        "backgroundColor": "rgba(11, 0, 0, 0.48)",
        "textAlign": "center"
      }
    },
    {
      "id": "8T2VT6Vvj",
      "name": "Image",
      "imgURL": "https://lunawood.com/wp-content/uploads/2018/02/placeholder-image.png",
      "fallback": "This is the default fallback",
      "styleId": "DefaultImage",
      "style": {
        "width": "100%",
        "color": "rgba(0, 0, 0, 0.0)",
        "backgroundColor": "rgba(255,255,255,0.0)"
      }
    },
    {
      "id": "qXj0BqHmx",
      "name": "Background",
      "styleId": "spaceBG",
      "style": {
        "backgroundImage": "url(http://localhost:8000/resources/okvY9g]eP)",
        "opacity": 1
      }
    },
    {
      "id": "hnH8sPF7E",
      "name": "ButtonGroup",
      "styleId": "DefaultButtonGroup",
      "children": [
        {
          "id": "F9yd_vnWB",
          "name": "Button",
          "text": "im a beautiful Button",
          "styleId": "BlueButton",
          "style": {
            "color": "rgba(255, 255, 255, 1.00)",
            "backgroundColor": "rgba(47, 58, 210, 1.00)"
          }
        }
      ],
      "style": {}
    }
  ]
}