{
  "name": "space text imagebutton text",
  "description": "",
  "components": [
    {
      "id": "bQ3Yw3BWg",
      "name": "Text",
      "text": "im a blue Text",
      "styleId": "spacetextsmall",
      "style": {
        "fontFamily": "sans-serif",
        "fontSize": "18px",
        "color": "rgba(255, 255, 255, 1.00)",
        "backgroundColor": "rgba(0, 0, 0, 0.49)",
        "textAlign": "center"
      }
    },
    {
      "id": "UFUxXUgIZ",
      "name": "ButtonImage",
      "imgURL": "https://lunawood.com/wp-content/uploads/2018/02/placeholder-image.png",
      "fallback": "This is the default fallback",
      "styleId": "DefaultButtonImage",
      "style": {
        "width": "100%"
      }
    },
    {
      "id": "HO3u29uf5",
      "name": "Text",
      "text": "im a javascript Text",
      "styleId": "spacetext",
      "style": {
        "fontFamily": "sans-serif",
        "fontSize": "20px",
        "color": "rgba(255, 255, 255, 1.00)",
        "backgroundColor": "rgba(0, 0, 0, 0.49)",
        "textAlign": "center"
      }
    },
    {
      "id": "0AUHQmMQA",
      "name": "Background",
      "styleId": "space",
      "style": {
        "backgroundImage": "url(http://localhost:8000/resources/mrY8IT5Hb)",
        "opacity": 1
      }
    }
  ]
}