{
  "name": "space text image 4 button",
  "description": "",
  "components": [
    {
      "id": "svLfcwdZp",
      "name": "Text",
      "text": "im a grim Text",
      "styleId": "spacetext",
      "style": {
        "fontFamily": "sans-serif",
        "fontSize": "20px",
        "color": "rgba(255, 255, 255, 1.00)",
        "backgroundColor": "rgba(0, 0, 0, 0.41)",
        "textAlign": "center"
      }
    },
    {
      "id": "VP0EkExpw",
      "name": "Image",
      "imgURL": "https://lunawood.com/wp-content/uploads/2018/02/placeholder-image.png",
      "fallback": "This is the default fallback",
      "styleId": "DefaultImage",
      "style": {
        "width": "100%",
        "color": "rgba(0, 0, 0, 0.0)",
        "backgroundColor": "rgba(255,255,255,0.0)"
      }
    },
    {
      "id": "8ezNKN6rNy",
      "name": "ButtonGroup",
      "styleId": "DefaultButtonGroup",
      "children": [
        {
          "id": "ohfa_hWk8T",
          "name": "Button",
          "text": "Kiss the toad",
          "styleId": "BlueButton",
          "style": {
            "color": "rgba(255, 255, 255, 1.00)",
            "backgroundColor": "rgba(45, 62, 200, 1.00)"
          }
        },
        {
          "id": "rp0TT7geIa",
          "name": "Button",
          "text": "Leave",
          "styleId": "BlueButton",
          "style": {
            "color": "rgba(255, 255, 255, 1.00)",
            "backgroundColor": "rgba(45, 62, 200, 1.00)"
          }
        },
        {
          "id": "XNcUUYMjw",
          "name": "Button",
          "text": "im a loving Button",
          "styleId": "BlueButton",
          "style": {
            "color": "rgba(255, 255, 255, 1.00)",
            "backgroundColor": "rgba(45, 62, 200, 1.00)"
          }
        },
        {
          "id": "YrFyTy3xq",
          "name": "Button",
          "text": "im a sparkly Button",
          "styleId": "BlueButton",
          "style": {
            "color": "rgba(255, 255, 255, 1.00)",
            "backgroundColor": "rgba(45, 62, 200, 1.00)"
          }
        }
      ],
      "style": {}
    },
    {
      "id": "isMTWqv1L",
      "name": "Background",
      "styleId": "spaceBG",
      "style": {
        "backgroundImage": "url(http://localhost:8000/resources/e3vAuiFsb)",
        "opacity": 1
      }
    }
  ]
}