{
  "name": "space video button",
  "description": "",
  "components": [
    {
      "id": "jcDMZmMnf",
      "name": "Text",
      "text": "im a sparkly Text",
      "styleId": "spacetext",
      "style": {
        "fontFamily": "sans-serif",
        "fontSize": "14px",
        "color": "rgba(255, 255, 255, 1.00)",
        "backgroundColor": "rgba(0, 0, 0, 0.56)",
        "textAlign": "center"
      }
    },
    {
      "id": "k_xOTRj3T",
      "name": "Background",
      "styleId": "space",
      "style": {
        "backgroundImage": "url(http://localhost:8000/resources/ByaoExcKy)",
        "opacity": 1
      }
    },
    {
      "id": "9EF0C902S",
      "name": "YoutubePlayer",
      "styleId": "DefaultYoutubePlayer",
      "srcURL": "",
      "style": {
        "width": "100%",
        "height": "20%"
      }
    },
    {
      "id": "ZhJdeyv8k",
      "name": "ButtonGroup",
      "styleId": "DefaultButtonGroup",
      "children": [
        {
          "id": "493ZGSvlH",
          "name": "Button",
          "text": "im a loving Button",
          "styleId": "BlueButton",
          "style": {
            "color": "rgba(255, 255, 255, 1.00)",
            "backgroundColor": "rgba(42, 68, 210, 1.00)"
          }
        }
      ],
      "style": {}
    }
  ]
}