{
  "name": "space single ans",
  "description": "",
  "components": [
    {
      "id": "mPlSyZfKS",
      "name": "Text",
      "text": "im a loving Text",
      "styleId": "spacetext",
      "style": {
        "fontFamily": "sans-serif",
        "fontSize": "20px",
        "color": "rgba(255, 255, 255, 1.00)",
        "backgroundColor": "rgba(0, 0, 0, 0.51)",
        "textAlign": "center"
      }
    },
    {
      "id": "pyutYzEMf",
      "name": "Background",
      "styleId": "space",
      "style": {
        "backgroundImage": "url(http://localhost:8000/resources/yEqOnhOTM)",
        "opacity": 1
      }
    },
    {
      "id": "UwLpv99lRr",
      "name": "SingleAnsChoices",
      "styleId": "whitechoices",
      "withSubmit": true,
      "answers": [
        {
          "id": "aIx4n3FCy",
          "text": "Bianco",
          "value": "[CORRECT]",
          "points": 0
        },
        {
          "id": "wKcdERdcLe",
          "text": "Rosso",
          "value": "[WRONG]",
          "points": 0
        },
        {
          "id": "OofO1SUmet",
          "text": "Blu",
          "value": "[WRONG]",
          "points": 0
        },
        {
          "id": "4GnjY2PiOA",
          "text": "Verde",
          "value": "[WRONG]",
          "points": 0
        }
      ],
      "style": {
        "Root": {},
        "Radio": {
          "color": "rgba(0, 0, 0, 1.0)",
          "backgroundColor": "rgba(230, 255, 244, 1.00)"
        },
        "Checkbox": {},
        "Button": {
          "color": "rgba(0, 0, 0, 1.0)",
          "backgroundColor": "rgba(140, 206, 179, 1.0)"
        }
      }
    }
  ]
}