{
  "name": "Stage 3 introduction",
  "description": "A component to separate two different storyline",
  "components": [
    {
      "id": "aXnLWcpyp",
      "name": "Background",
      "styleId": "BlackHoleBG",
      "style": {
        "backgroundImage": "url(http://localhost:8000/resources/yh]q6xX]9)"
      }
    },
    {
      "id": "CHijwkf-R",
      "name": "Text",
      "text": "im a blue Text",
      "styleId": "WhiteMDText",
      "style": {
        "fontFamily": "Geneva",
        "fontSize": "24px",
        "color": "rgba(255, 255, 255, 1.00)",
        "textAlign": "center"
      }
    },
    {
      "id": "Lsxyo0mX4",
      "name": "Spacer",
      "styleId": "TransparentSpacer",
      "style": {
        "backgroundColor": "rgba(255, 255, 255, 0.00)",
        "height": "22%",
        "width": "100%"
      }
    },
    {
      "id": "hgaPIwT3s",
      "name": "ButtonGroup",
      "styleId": "BlackHole Intro",
      "children": [
        {
          "id": "xu3-Kws5_",
          "name": "Button",
          "text": "im a crappy Button",
          "styleId": "BlackHoleCenteredButton",
          "style": {
            "color": "rgba(255, 255, 255, 1.00)",
            "backgroundColor": "rgba(15, 11, 10, 1.00)"
          }
        }
      ],
      "style": {}
    }
  ]
}