{
  "name": "Supernova Fork",
  "description": "A simple component to make the user choose how to procede in the story, in this case is only a two way fork",
  "components": [
    {
      "id": "p3GhBZPhG",
      "name": "Background",
      "styleId": "SupernovaBG",
      "style": {
        "backgroundImage": "url(http://localhost:8000/resources/WJFpFHecT)",
        "opacity": 1
      }
    },
    {
      "id": "ytCf-6-4G",
      "name": "Text",
      "text": "im a beautiful Text",
      "styleId": "ScreenTXT",
      "style": {
        "fontFamily": "Helvetica",
        "fontSize": "19px",
        "color": "rgba(255, 255, 255, 1.00)",
        "backgroundColor": "rgba(0, 0, 0, 0.00)",
        "textAlign": "center"
      }
    },
    {
      "id": "l7C5uPhMc",
      "name": "ButtonGroup",
      "styleId": "ButtonGroup-l-QcbZARo",
      "children": [
        {
          "id": "YB3Jpyue8",
          "name": "Button",
          "text": "im a loving Button",
          "styleId": "DeepSpaceBTN",
          "style": {
            "color": "rgba(255, 255, 255, 1.00)",
            "backgroundColor": "rgba(17, 52, 115, 1.00)"
          }
        },
        {
          "id": "rbs-SjNH9",
          "name": "Button",
          "text": "im a beautiful Button",
          "styleId": "DeepSpaceBTN",
          "style": {
            "color": "rgba(255, 255, 255, 1.00)",
            "backgroundColor": "rgba(17, 52, 115, 1.00)"
          }
        }
      ],
      "style": {}
    }
  ]
}