{
  "name": "Conclusione",
  "description": "",
  "components": [
    {
      "id": "bG0OQ31My",
      "name": "Background",
      "styleId": "DefaultBackground3",
      "style": {
        "backgroundImage": "url(http://localhost:8000/resources/Vng]w]YSH)"
      }
    },
    {
      "id": "n3vHYEGuk",
      "name": "Text",
      "text": "im a distracted Text",
      "styleId": "DefaultText2",
      "style": {
        "fontFamily": "sans-serif",
        "fontSize": "18px",
        "color": "rgba(255, 255, 255, 1.00)"
      }
    }
  ]
}