{
  "name": "Foresta immagine",
  "description": "",
  "components": [
    {
      "id": "s8_Mwp_HX",
      "name": "Background",
      "styleId": "foresta Background",
      "style": {
        "backgroundImage": "url(http://localhost:8000/resources/WESSKIjKQ)"
      }
    },
    {
      "id": "Y66VEexn0",
      "name": "Text",
      "text": "im a javascript Text",
      "styleId": "testo",
      "style": {
        "fontFamily": "sans-serif",
        "fontSize": "18px",
        "color": "rgba(21, 14, 239, 1.00)"
      }
    },
    {
      "id": "cGBqLRcVA",
      "name": "ButtonImage",
      "imgURL": "https://lunawood.com/wp-content/uploads/2018/02/placeholder-image.png",
      "fallback": "This is the default fallback",
      "styleId": "DefaultButtonImage",
      "style": {
        "width": "100%"
      }
    }
  ]
}
