{
  "name": "Foresta",
  "description": "",
  "components": [
    {
      "id": "s8_Mwp_HX",
      "name": "Background",
      "styleId": "foresta Background",
      "style": {
        "backgroundImage": "url(http://localhost:8000/resources/WESSKIjKQ)"
      }
    },
    {
      "id": "Y66VEexn0",
      "name": "Text",
      "text": "im a javascript Text",
      "styleId": "testo",
      "style": {
        "fontFamily": "sans-serif",
        "fontSize": "18px",
        "color": "rgba(21, 14, 239, 1.00)"
      }
    },
    {
      "id": "aAXjNjuf8",
      "name": "Button",
      "text": "im a crappy Button",
      "styleId": "GreenButton",
      "style": {
        "color": "rgba(0, 0, 0, 1.0)",
        "backgroundColor": "rgba(12, 241, 102, 1.00)"
      }
    }
  ]
}
