{
  "name": "homo habilis quiz",
  "description": "",
  "components": [
    {
      "id": "SxH9s5jly",
      "name": "Background",
      "styleId": "homo-habilis-puntointerrogativo",
      "style": {
        "backgroundImage": "url(http://localhost:8000/resources/e4uGvR3XI)"
      }
    },
    {
      "id": "udeBdlsB2U",
      "name": "SingleAnsChoicesImages",
      "styleId": "DefaultSingleAnsChoicesImages2",
      "withSubmit": true,
      "answers": [
        {
          "id": "nDtx1FWM3",
          "imgURL": "https://lunawood.com/wp-content/uploads/2018/02/placeholder-image.png",
          "alt": "alt text",
          "value": "[CORRECT]",
          "points": 0
        },
        {
          "id": "gSJmpJ2yzd",
          "imgURL": "https://lunawood.com/wp-content/uploads/2018/02/placeholder-image.png",
          "alt": "alt text",
          "value": "[WRONG]",
          "points": 0
        },
        {
          "id": "KLC9Ztrsa0",
          "imgURL": "https://lunawood.com/wp-content/uploads/2018/02/placeholder-image.png",
          "alt": "alt text",
          "value": "[WRONG]",
          "points": 0
        },
        {
          "id": "aA9zf8g45F",
          "imgURL": "https://lunawood.com/wp-content/uploads/2018/02/placeholder-image.png",
          "alt": "alt text",
          "value": "[WRONG]",
          "points": 0
        }
      ],
      "style": {
        "Root": {},
        "Image": {
          "width": "100%",
          "height": "50%"
        },
        "Radio": {
          "color": "rgba(0, 0, 0, 1.0)",
          "backgroundColor": "rgba(140, 206, 179, 1.0)"
        },
        "Checkbox": {},
        "Button": {
          "color": "rgba(0, 0, 0, 1.0)",
          "backgroundColor": "rgba(34, 134, 246, 1.00)"
        }
      }
    }
  ]
}