{
  "name": "Homo Erectus solo fuoco 2",
  "description": "",
  "components": [
    {
      "id": "RQ98yYUow",
      "name": "Background",
      "styleId": "Homo-erectus-bg",
      "style": {
        "backgroundImage": "url(http://localhost:8000/resources/AhhYMl8De)"
      }
    },
    {
      "id": "SJKMAZrb8",
      "name": "Text",
      "text": "im a distracted Text",
      "styleId": "DefaultText4",
      "style": {
        "fontFamily": "sans-serif",
        "fontSize": "19px",
        "color": "rgba(0, 0, 0, 1.0)"
      }
    },
    {
      "id": "zIaWnwQPE",
      "name": "Spacer",
      "styleId": "transparent-spacer4",
      "style": {
        "backgroundColor": "rgba(255, 255, 255, 0.00)",
        "height": "30%",
        "width": "100%"
      }
    },
    {
      "id": "b1PKK55EX",
      "name": "ButtonImage",
      "imgURL": "https://lunawood.com/wp-content/uploads/2018/02/placeholder-image.png",
      "fallback": "This is the default fallback",
      "styleId": "DefaultButtonImage2",
      "style": {
        "width": "100%",
        "color": "rgba(0, 0, 0, 1.0)",
        "backgroundColor": "rgba(255,255,255,1.0)"
      }
    }
  ]
}