{
  "name": "Homo Habilis Pitture",
  "description": "",
  "components": [
    {
      "id": "VapiV_R6D",
      "name": "Text",
      "text": "im a blue Text",
      "styleId": "DefaultText5",
      "style": {
        "fontFamily": "sans-serif",
        "fontSize": "22px",
        "color": "rgba(0, 0, 0, 1.0)"
      }
    },
    {
      "id": "cJscG7GEV",
      "name": "Image",
      "imgURL": "https://lunawood.com/wp-content/uploads/2018/02/placeholder-image.png",
      "fallback": "This is the default fallback",
      "styleId": "DefaultImage3",
      "style": {
        "width": "100%",
        "color": "rgba(0, 0, 0, 0.0)",
        "backgroundColor": "rgba(255,255,255,0.0)"
      }
    },
    {
      "id": "hHQSNWXQh",
      "name": "Camera",
      "styleId": "DefaultCamera",
      "style": {
        "CameraButton": {
          "color": "rgba(0, 0, 0, 1.0)"
        },
        "Button": {
          "color": "rgba(0, 0, 0, 1.0)",
          "backgroundColor": "rgba(140, 206, 179, 1.0)"
        }
      }
    },
    {
      "id": "weAuwJv5f",
      "name": "Background",
      "styleId": "DefaultBackground2",
      "style": {
        "backgroundImage": "url(http://localhost:8000/resources/X[EVQ4kvT)"
      }
    }
  ]
}