{
  "name": "Homo Erectus fuoco 4",
  "description": "",
  "components": [
    {
      "id": "0NoB323EZ",
      "name": "Background",
      "styleId": "DefaultBackground3",
      "style": {
        "backgroundImage": "url(http://localhost:8000/resources/kNGfBWtDt)"
      }
    },
    {
      "id": "Fsvzjnovi",
      "name": "Text",
      "text": "im a grim Text",
      "styleId": "DefaultText2",
      "style": {
        "fontFamily": "sans-serif",
        "fontSize": "18px",
        "color": "rgba(0, 0, 0, 1.0)"
      }
    },
    {
      "id": "BD3fHhuZy",
      "name": "Spacer",
      "styleId": "DefaultSpacer2",
      "style": {
        "backgroundColor": "rgba(255, 255, 255, 0.00)",
        "height": "45%",
        "width": "100%"
      }
    },
    {
      "id": "BSX74OIWf",
      "name": "ButtonImage",
      "imgURL": "https://lunawood.com/wp-content/uploads/2018/02/placeholder-image.png",
      "fallback": "This is the default fallback",
      "styleId": "DefaultButtonImage",
      "style": {
        "width": "100%"
      }
    }
  ]
}