{
  "name": "Homo Habilis Quiz 2",
  "description": "",
  "components": [
    {
      "id": "m6wnqB2o3",
      "name": "Background",
      "styleId": "DefaultBackground2",
      "style": {
        "backgroundImage": "url(http://localhost:8000/resources/YgsWJ6Ozp)"
      }
    },
    {
      "id": "xzP6Exs-S",
      "name": "Text",
      "text": "im a loving Text",
      "styleId": "DefaultText",
      "style": {
        "fontFamily": "Arial",
        "fontSize": "16px",
        "color": "rgba(0, 0, 0, 1.0)"
      }
    },
    {
      "id": "bhjBODpAod",
      "name": "SingleAnsChoicesImages",
      "styleId": "DefaultSingleAnsChoicesImages3",
      "withSubmit": true,
      "answers": [
        {
          "id": "J-d0UmvpB",
          "imgURL": "https://lunawood.com/wp-content/uploads/2018/02/placeholder-image.png",
          "alt": "alt text",
          "value": "[CORRECT]",
          "points": 0
        },
        {
          "id": "ceG4FaJ2u7",
          "imgURL": "https://lunawood.com/wp-content/uploads/2018/02/placeholder-image.png",
          "alt": "alt text",
          "value": "[WRONG]",
          "points": 0
        },
        {
          "id": "XUbtvzvgZI",
          "imgURL": "https://lunawood.com/wp-content/uploads/2018/02/placeholder-image.png",
          "alt": "alt text",
          "value": "[WRONG]",
          "points": 0
        },
        {
          "id": "1FGnpovKKT",
          "imgURL": "https://lunawood.com/wp-content/uploads/2018/02/placeholder-image.png",
          "alt": "alt text",
          "value": "[WRONG]",
          "points": 0
        }
      ],
      "style": {
        "Root": {},
        "Image": {
          "width": "100%",
          "height": "50%"
        },
        "Radio": {
          "color": "rgba(0, 0, 0, 1.0)",
          "backgroundColor": "rgba(140, 206, 179, 1.00)"
        },
        "Checkbox": {},
        "Button": {
          "color": "rgba(0, 0, 0, 1.0)",
          "backgroundColor": "rgba(91, 163, 225, 1.00)"
        }
      }
    }
  ]
}