{
  "name": "Image Button with text",
  "description": "",
  "components": [
    {
      "id": "I2XfzyQ_U",
      "name": "Text",
      "text": "im a grim Text",
      "styleId": "DefaultText",
      "style": {
        "fontFamily": "sans-serif",
        "fontSize": "22px",
        "color": "rgba(0, 0, 0, 1.0)"
      }
    },
    {
      "id": "haVYZen-k",
      "name": "Background",
      "styleId": "DefaultBackground2",
      "style": {
        "backgroundImage": "url(http://localhost:8000/resources/q14TQQSwf)"
      }
    },
    {
      "id": "AiKk5Zzd3",
      "name": "ButtonImage",
      "imgURL": "https://lunawood.com/wp-content/uploads/2018/02/placeholder-image.png",
      "fallback": "This is the default fallback",
      "styleId": "DefaultButtonImage",
      "style": {
        "width": "100%",
        "color": "rgba(0, 0, 0, 1.0)",
        "backgroundColor": "rgba(255,255,255,1.0)"
      }
    }
  ]
}
