{
  "name": "Immagine con Testo 3",
  "description": "Testo prima, Immagine dopo, testo dopo",
  "components": [
    {
      "id": "ILw4g8tMb",
      "name": "Background",
      "styleId": "ScrollBackground",
      "style": {
        "backgroundImage": "url(http://localhost:8000/resources/XNLdEX]5Y)"
      }
    },
    {
      "id": "P1XBzPxWQ",
      "name": "Text",
      "text": "im a OCaml...! Text",
      "styleId": "DefaultText",
      "style": {
        "fontFamily": "sans-serif",
        "fontSize": "22px",
        "color": "rgba(0, 0, 0, 1.0)"
      }
    },
    {
      "id": "t9UaMbhxO",
      "name": "Image",
      "imgURL": "https://lunawood.com/wp-content/uploads/2018/02/placeholder-image.png",
      "fallback": "This is the default fallback",
      "styleId": "DefaultImage",
      "style": {
        "width": "100%"
      }
    },
    {
      "id": "k5U1_L0G8",
      "name": "Text",
      "text": "im a OCaml...! Text",
      "styleId": "DefaultText",
      "style": {
        "fontFamily": "sans-serif",
        "fontSize": "22px",
        "color": "rgba(0, 0, 0, 1.0)"
      }
    },
    {
      "id": "EprJOoN0Y",
      "name": "Button",
      "text": "im a sparkly Button",
      "styleId": "Orange Button",
      "style": {
        "color": "rgba(0, 0, 0, 1.0)",
        "backgroundColor": "rgba(251, 172, 35, 1.00)"
      }
    }
  ]
}
