{
  "name": "Immagine con Testo 1",
  "description": "Immagine, Testo",
  "components": [
    {
      "id": "nBD3u0wua",
      "name": "Background",
      "styleId": "BackgroundScroll",
      "style": {
        "backgroundImage": "url(http://localhost:8000/resources/qfyj3HrCS)"
      }
    },
    {
      "id": "W6tdrSNHU",
      "name": "Image",
      "imgURL": "https://lunawood.com/wp-content/uploads/2018/02/placeholder-image.png",
      "fallback": "This is the default fallback",
      "styleId": "DefaultImage",
      "style": {
        "width": "100%"
      }
    },
    {
      "id": "HaG-uJffg",
      "name": "Text",
      "text": "im a beautiful Text",
      "styleId": "DefaultText2",
      "style": {
        "fontFamily": "sans-serif",
        "fontSize": "22px",
        "color": "rgba(0, 0, 0, 1.0)"
      }
    },
    {
      "id": "w523pK0h-",
      "name": "Button",
      "text": "im a grim Button",
      "styleId": "OrangeButton",
      "style": {
        "color": "rgba(0, 0, 0, 1.0)",
        "backgroundColor": "rgba(242, 166, 33, 1.00)"
      }
    }
  ]
}
