{
  "name": "jungle 2",
  "description": "",
  "components": [
    {
      "id": "uZn6ReXbM",
      "name": "Background",
      "styleId": "Jungle",
      "style": {
        "backgroundImage": "url(http://localhost:8000/resources/y3sQjIbU[)"
      }
    },
    {
      "id": "IqmSvO0Mh",
      "name": "Text",
      "text": "im a OCaml...! Text",
      "styleId": "Testo",
      "style": {
        "fontFamily": "sans-serif",
        "fontSize": "18px",
        "color": "rgba(0, 0, 0, 1.0)",
        "fontWeight": "bold"
      }
    },
    {
      "id": "ye2sMtNfK",
      "name": "ButtonImage",
      "imgURL": "https://lunawood.com/wp-content/uploads/2018/02/placeholder-image.png",
      "fallback": "This is the default fallback",
      "styleId": "DefaultButtonImage",
      "style": {
        "width": "100%"
      }
    }
  ]
}