{
  "name": "jungle 1",
  "description": "",
  "components": [
    {
      "id": "uZn6ReXbM",
      "name": "Background",
      "styleId": "Jungle",
      "style": {
        "backgroundImage": "url(http://localhost:8000/resources/y3sQjIbU[)"
      }
    },
    {
      "id": "IqmSvO0Mh",
      "name": "Text",
      "text": "im a OCaml...! Text",
      "styleId": "Testo",
      "style": {
        "fontFamily": "sans-serif",
        "fontSize": "18px",
        "color": "rgba(0, 0, 0, 1.0)",
        "fontWeight": "bold"
      }
    },
    {
      "id": "k1W6cAF2y",
      "name": "Button",
      "text": "im a loving Button",
      "styleId": "DefaultButton2",
      "style": {
        "color": "rgba(0, 0, 0, 1.0)",
        "backgroundColor": "rgba(35, 197, 131, 1.00)"
      }
    }
  ]
}