{
  "name": "Multiple choices",
  "description": "",
  "components": [
    {
      "id": "N6uvNuEmf",
      "name": "Text",
      "text": "im a distracted Text",
      "styleId": "DefaultText",
      "style": {
        "fontFamily": "sans-serif",
        "fontSize": "22px",
        "color": "rgba(0, 0, 0, 1.0)"
      }
    },
    {
      "id": "15s8rBzg_8",
      "name": "MultiAnsChoices",
      "styleId": "DefaultMultiAnsChoices2",
      "withSubmit": true,
      "answers": [
        {
          "id": "qBnvYg0vR",
          "text": "Bianco",
          "value": "[CORRECT]",
          "points": 0
        },
        {
          "id": "RRl9lqhFg2",
          "text": "Rosso",
          "value": "[CORRECT]",
          "points": 0
        },
        {
          "id": "-ix_qwRDCX",
          "text": "Blu",
          "value": "[WRONG]",
          "points": 0
        },
        {
          "id": "j6eik5rwmM",
          "text": "Verde",
          "value": "[WRONG]",
          "points": 0
        }
      ],
      "style": {
        "Root": {},
        "Radio": {},
        "Checkbox": {
          "color": "rgba(0, 0, 0, 1.0)",
          "backgroundColor": "rgba(244, 170, 11, 1.00)"
        },
        "Button": {
          "color": "rgba(0, 0, 0, 1.0)",
          "backgroundColor": "rgba(224, 108, 0, 1.00)"
        }
      }
    },
    {
      "id": "QlLrbHsbn",
      "name": "Background",
      "styleId": "ScrollBackground",
      "style": {
        "backgroundImage": "url(http://localhost:8000/resources/RBIci1Uff)"
      }
    }
  ]
}
