{
  "name": "Saggio 2 pulsanti",
  "description": "",
  "components": [
    {
      "id": "DKO-Ne9wb",
      "name": "Background",
      "styleId": "ScrollBackground",
      "style": {
        "backgroundImage": "url(http://localhost:8000/resources/B3KREmV2E)"
      }
    },
    {
      "id": "Q6o385cv1",
      "name": "Image",
      "imgURL": "https://lunawood.com/wp-content/uploads/2018/02/placeholder-image.png",
      "fallback": "This is the default fallback",
      "styleId": "DefaultImage",
      "style": {
        "width": "100%",
        "color": "rgba(0, 0, 0, 0.0)",
        "backgroundColor": "rgba(255,255,255,0.0)"
      }
    },
    {
      "id": "bM1EViwBI",
      "name": "Text",
      "text": "im a javascript Text",
      "styleId": "Testo scroll",
      "style": {
        "fontFamily": "sans-serif",
        "fontSize": "18px",
        "color": "rgba(0, 0, 0, 1.0)"
      }
    },
    {
      "id": "zTSBLcKzf",
      "name": "ButtonGroup",
      "styleId": "DefaultButtonGroup2",
      "children": [
        {
          "id": "mDpcTWOCA",
          "name": "Button",
          "text": "im a blue Button",
          "styleId": "Orange Button",
          "style": {
            "color": "rgba(0, 0, 0, 1.0)",
            "backgroundColor": "rgba(234, 135, 42, 1.00)"
          }
        },
        {
          "id": "rpIIawH3QF",
          "name": "Button",
          "text": "im a crappy Button",
          "styleId": "Orange Button",
          "style": {
            "color": "rgba(0, 0, 0, 1.0)",
            "backgroundColor": "rgba(234, 135, 42, 1.00)"
          }
        }
      ],
      "style": {}
    }
  ]
}