{
  "name": "Savannah immagine",
  "description": "",
  "components": [
    {
      "id": "AZOm7CVm6",
      "name": "Background",
      "styleId": "DefaultBackground2",
      "style": {
        "backgroundImage": "url(http://localhost:8000/resources/]vO0Bo6Pi)"
      }
    },
    {
      "id": "jEwgqzlM8",
      "name": "Text",
      "text": "im a blue Text",
      "styleId": "DefaultText2",
      "style": {
        "fontFamily": "sans-serif",
        "fontSize": "18px",
        "color": "rgba(0, 0, 0, 1.0)",
        "fontWeight": "bold"
      }
    },
    {
      "id": "F8_WOsfMa",
      "name": "ButtonImage",
      "imgURL": "https://lunawood.com/wp-content/uploads/2018/02/placeholder-image.png",
      "fallback": "This is the default fallback",
      "styleId": "DefaultButtonImage",
      "style": {
        "width": "100%"
      }
    }
  ]
}