{
  "name": "Savannah ",
  "description": "",
  "components": [
    {
      "id": "AZOm7CVm6",
      "name": "Background",
      "styleId": "DefaultBackground2",
      "style": {
        "backgroundImage": "url(http://localhost:8000/resources/]vO0Bo6Pi)"
      }
    },
    {
      "id": "jEwgqzlM8",
      "name": "Text",
      "text": "im a blue Text",
      "styleId": "DefaultText2",
      "style": {
        "fontFamily": "sans-serif",
        "fontSize": "18px",
        "color": "rgba(0, 0, 0, 1.0)",
        "fontWeight": "bold"
      }
    },
    {
      "id": "pv1GIPCrZ",
      "name": "Button",
      "text": "im a crappy Button",
      "styleId": "DefaultButton2",
      "style": {
        "color": "rgba(0, 0, 0, 1.0)",
        "backgroundColor": "rgba(140, 206, 179, 1.0)"
      }
    }
  ]
}