{
  "name": "Scegli un'immagine",
  "description": "",
  "components": [
    {
      "id": "fkbs1DQmA",
      "name": "Background",
      "styleId": "DefaultBackground2",
      "style": {
        "backgroundImage": "url(http://localhost:8000/resources/4vBlVIEl8)"
      }
    },
    {
      "id": "qOYnFea1B0",
      "name": "SingleAnsChoicesImages",
      "styleId": "DefaultSingleAnsChoicesImages",
      "withSubmit": true,
      "answers": [
        {
          "id": "2ZjKntgj5",
          "imgURL": "https://lunawood.com/wp-content/uploads/2018/02/placeholder-image.png",
          "alt": "alt text",
          "value": "[CORRECT]",
          "points": 0
        },
        {
          "id": "EVo5NLpw_T",
          "imgURL": "https://lunawood.com/wp-content/uploads/2018/02/placeholder-image.png",
          "alt": "alt text",
          "value": "[WRONG]",
          "points": 0
        },
        {
          "id": "dIPvZX0JPL",
          "imgURL": "https://lunawood.com/wp-content/uploads/2018/02/placeholder-image.png",
          "alt": "alt text",
          "value": "[WRONG]",
          "points": 0
        },
        {
          "id": "WgEtKRYNmk",
          "imgURL": "https://lunawood.com/wp-content/uploads/2018/02/placeholder-image.png",
          "alt": "alt text",
          "value": "[WRONG]",
          "points": 0
        }
      ],
      "style": {
        "Root": {},
        "Image": {
          "width": "100%",
          "height": "50%"
        },
        "Radio": {
          "color": "rgba(0, 0, 0, 1.0)",
          "backgroundColor": "rgba(140, 206, 179, 1.0)"
        },
        "Checkbox": {},
        "Button": {
          "color": "rgba(0, 0, 0, 1.0)",
          "backgroundColor": "rgba(140, 206, 179, 1.0)"
        }
      }
    }
  ]
}