{
  "name": "Schermata sbagliato",
  "description": "",
  "components": [
    {
      "id": "N6uvNuEmf",
      "name": "Text",
      "text": "im a distracted Text",
      "styleId": "DefaultText",
      "style": {
        "fontFamily": "sans-serif",
        "fontSize": "22px",
        "color": "rgba(0, 0, 0, 1.0)"
      }
    },
    {
      "id": "Vbj8tKgQX",
      "name": "Background",
      "styleId": "ScrollBackground",
      "style": {
        "backgroundImage": "url(http://localhost:8000/resources/RBIci1Uff)"
      }
    },
    {
      "id": "ChXgbNOkQ",
      "name": "Button",
      "text": "im a distracted Button",
      "styleId": "RedButton",
      "style": {
        "color": "rgba(0, 0, 0, 1.0)",
        "backgroundColor": "rgba(234, 70, 42, 1.00)"
      }
    }
  ]
}
