{
  "name": "Single choice",
  "description": "",
  "components": [
    {
      "id": "N6uvNuEmf",
      "name": "Text",
      "text": "im a distracted Text",
      "styleId": "DefaultText",
      "style": {
        "fontFamily": "sans-serif",
        "fontSize": "22px",
        "color": "rgba(0, 0, 0, 1.0)"
      }
    },
    {
      "id": "h_U2XcW28D",
      "name": "SingleAnsChoices",
      "styleId": "DefaultSingleAnsChoices2",
      "withSubmit": true,
      "answers": [
        {
          "id": "T2PC1E-n5",
          "text": "Bianco",
          "value": "[CORRECT]",
          "points": 0
        },
        {
          "id": "bZivofhO21",
          "text": "Rosso",
          "value": "[WRONG]",
          "points": 0
        },
        {
          "id": "F21pvxsJo0",
          "text": "Blu",
          "value": "[WRONG]",
          "points": 0
        },
        {
          "id": "8C7Jjoi7y4",
          "text": "Verde",
          "value": "[WRONG]",
          "points": 0
        }
      ],
      "style": {
        "Root": {},
        "Radio": {
          "color": "rgba(0, 0, 0, 1.0)",
          "backgroundColor": "rgba(242, 158, 13, 1.00)"
        },
        "Checkbox": {},
        "Button": {
          "color": "rgba(0, 0, 0, 1.0)",
          "backgroundColor": "rgba(255, 111, 0, 1.00)"
        }
      }
    },
    {
      "id": "QlLrbHsbn",
      "name": "Background",
      "styleId": "ScrollBackground",
      "style": {
        "backgroundImage": "url(http://localhost:8000/resources/RBIci1Uff)"
      }
    }
  ]
}
