{
  "name": "Single Choice",
  "description": "",
  "components": [
    {
      "id": "DKO-Ne9wb",
      "name": "Background",
      "styleId": "ScrollBackground",
      "style": {
        "backgroundImage": "url(http://localhost:8000/resources/B3KREmV2E)"
      }
    },
    {
      "id": "bM1EViwBI",
      "name": "Text",
      "text": "im a javascript Text",
      "styleId": "Testo scroll",
      "style": {
        "fontFamily": "sans-serif",
        "fontSize": "18px",
        "color": "rgba(0, 0, 0, 1.0)"
      }
    },
    {
      "id": "U7aCWdTXtG",
      "name": "SingleAnsChoices",
      "styleId": "DefaultSingleAnsChoices2",
      "withSubmit": true,
      "answers": [
        {
          "id": "RfwSgMeGq",
          "text": "Bianco",
          "value": "[CORRECT]",
          "points": 0
        },
        {
          "id": "0KxJuysuyz",
          "text": "Rosso",
          "value": "[WRONG]",
          "points": 0
        },
        {
          "id": "7y2Kq1qjpK",
          "text": "Blu",
          "value": "[WRONG]",
          "points": 0
        },
        {
          "id": "2BoU7pxHpb",
          "text": "Verde",
          "value": "[WRONG]",
          "points": 0
        }
      ],
      "style": {
        "Root": {},
        "Radio": {
          "color": "rgba(0, 0, 0, 1.0)",
          "backgroundColor": "rgba(228, 133, 50, 1.00)"
        },
        "Checkbox": {},
        "Button": {
          "color": "rgba(0, 0, 0, 1.0)",
          "backgroundColor": "rgba(234, 88, 32, 1.00)"
        }
      }
    }
  ]
}