{
  "name": "Stonhenge",
  "description": "",
  "components": [
    {
      "id": "s8_Mwp_HX",
      "name": "Background",
      "styleId": "Stonehenge Background",
      "style": {
        "backgroundImage": "url(http://localhost:8000/resources/y4ZUA9QQ0)"
      }
    },
    {
      "id": "dcwZixiU-",
      "name": "Text",
      "text": "im a OCaml...! Text",
      "styleId": "DefaultText2",
      "style": {
        "fontFamily": "sans-serif",
        "fontSize": "18px",
        "color": "rgba(255, 255, 255, 1.00)"
      }
    }
  ]
}