{
  "name": "Stonhenge Portale",
  "description": "",
  "components": [
    {
      "id": "s8_Mwp_HX",
      "name": "Background",
      "styleId": "Stonehenge Background",
      "style": {
        "backgroundImage": "url(http://localhost:8000/resources/y4ZUA9QQ0)"
      }
    },
    {
      "id": "dcwZixiU-",
      "name": "Text",
      "text": "im a OCaml...! Text",
      "styleId": "DefaultText2",
      "style": {
        "fontFamily": "sans-serif",
        "fontSize": "18px",
        "color": "rgba(255, 255, 255, 1.00)"
      }
    },
    {
      "id": "Zoj5YomVU",
      "name": "ButtonImage",
      "imgURL": "https://lunawood.com/wp-content/uploads/2018/02/placeholder-image.png",
      "fallback": "This is the default fallback",
      "styleId": "DefaultButtonImage",
      "style": {
        "width": "100%"
      }
    }
  ]
}