{
  "name": "Testo Homo Erectus",
  "description": "",
  "components": [
    {
      "id": "RQ98yYUow",
      "name": "Background",
      "styleId": "Homo-erectus-bg",
      "style": {
        "backgroundImage": "url(http://localhost:8000/resources/AhhYMl8De)"
      }
    },
    {
      "id": "SJKMAZrb8",
      "name": "Text",
      "text": "im a distracted Text",
      "styleId": "DefaultText2",
      "style": {
        "fontFamily": "sans-serif",
        "fontSize": "22px",
        "color": "rgba(0, 0, 0, 1.0)"
      }
    }
  ]
}